word,frequency,percentage,percentage_str,pos
我,299,2.79,2.79%,r
滑稽,114,1.06,1.06%,a
墨镜,96,0.9,0.90%,n
哭泣,90,0.84,0.84%,v
表面,90,0.84,0.84%,n
小米,76,0.71,0.71%,n
也,75,0.7,0.70%,d
被,72,0.67,0.67%,p
她,66,0.62,0.62%,r
相亲,60,0.56,0.56%,v
游戏,52,0.48,0.48%,n
不,50,0.47,0.47%,d
给,48,0.45,0.45%,p
Ultra,48,0.45,0.45%,eng
真,46,0.43,0.43%,d
跟,40,0.37,0.37%,p
手机,40,0.37,0.37%,n
人,38,0.35,0.35%,n
们,38,0.35,0.35%,k
还是,36,0.34,0.34%,c
兄弟,35,0.33,0.33%,n
钱,35,0.33,0.33%,n
系列,34,0.32,0.32%,q
叫,34,0.32,0.32%,v
流畅,34,0.32,0.32%,a
真的,33,0.31,0.31%,d
度,33,0.31,0.31%,q
有没有,33,0.31,0.31%,v
想换,32,0.3,0.30%,v
知道,32,0.3,0.30%,v
ultra,32,0.3,0.30%,eng
魅族,32,0.3,0.30%,n
手里,32,0.3,0.30%,s
从,31,0.29,0.29%,p
女朋友,31,0.29,0.29%,n
买,31,0.29,0.29%,v
报警,30,0.28,0.28%,n
回应,30,0.28,0.28%,v
偷,30,0.28,0.28%,v
你,30,0.28,0.28%,r
发布,30,0.28,0.28%,v
一个,30,0.28,0.28%,m
同学,30,0.28,0.28%,n
对象,30,0.28,0.28%,n
发,29,0.27,0.27%,v
将,29,0.27,0.27%,d
非常,28,0.26,0.26%,d
新,28,0.26,0.26%,a
用,27,0.25,0.25%,p
中国,26,0.24,0.24%,ns
女友,25,0.23,0.23%,n
可能,25,0.23,0.23%,v
问,24,0.22,0.22%,v
Neo,24,0.22,0.22%,eng
现在,24,0.22,0.22%,t
后,23,0.21,0.21%,f
这种,23,0.21,0.21%,r
学生,22,0.21,0.21%,n
酷安晒,22,0.21,0.21%,n
拿下,22,0.21,0.21%,v
王者,22,0.21,0.21%,n
SE,22,0.21,0.21%,eng
这样,22,0.21,0.21%,r
死,22,0.21,0.21%,v
公布,20,0.19,0.19%,v
黑色,20,0.19,0.19%,n
又,20,0.19,0.19%,d
不到,20,0.19,0.19%,v
才,20,0.19,0.19%,d
找,20,0.19,0.19%,v
苹果,19,0.18,0.18%,n
好,19,0.18,0.18%,a
系统,19,0.18,0.18%,n
原因,19,0.18,0.18%,n
换,19,0.18,0.18%,v
大,19,0.18,0.18%,a
权益,19,0.18,0.18%,n
坡,18,0.17,0.17%,n
山坡,18,0.17,0.17%,ns
摔倒,18,0.17,0.17%,v
山下,18,0.17,0.17%,s
米,18,0.17,0.17%,q
让,18,0.17,0.17%,v
摔坏,18,0.17,0.17%,v
回来,18,0.17,0.17%,v
昨天晚上,18,0.17,0.17%,t
之前,18,0.17,0.17%,f
同,18,0.17,0.17%,p
G,18,0.17,0.17%,x
心疼,18,0.17,0.17%,a
打,18,0.17,0.17%,v
相信,18,0.17,0.17%,v
x,18,0.17,0.17%,x
去年,18,0.17,0.17%,t
iPhone,18,0.17,0.17%,eng
白色,18,0.17,0.17%,n
GN,18,0.17,0.17%,eng
优化,18,0.17,0.17%,vn
时间,18,0.17,0.17%,n
工作,17,0.16,0.16%,vn
里,17,0.16,0.16%,f
安全,17,0.16,0.16%,an
坏,17,0.16,0.16%,a
妈,17,0.16,0.16%,n
信息,17,0.16,0.16%,n
监控,17,0.16,0.16%,vn
一起,17,0.16,0.16%,m
建议,17,0.16,0.16%,n
一下,17,0.16,0.16%,m
罪,17,0.16,0.16%,zg
款,17,0.16,0.16%,n
穿越,16,0.15,0.15%,v
最强,16,0.15,0.15%,a
好久,16,0.15,0.15%,m
攥,16,0.15,0.15%,v
党,16,0.15,0.15%,n
下车,16,0.15,0.15%,v
蓝厂,16,0.15,0.15%,n
貌似,16,0.15,0.15%,v
今年,16,0.15,0.15%,t
呗,16,0.15,0.15%,y
拼色,16,0.15,0.15%,n
黑银,16,0.15,0.15%,n
老哥,16,0.15,0.15%,n
配色,16,0.15,0.15%,n
搜,16,0.15,0.15%,v
外观,16,0.15,0.15%,n
跳槽,16,0.15,0.15%,n
笑,16,0.15,0.15%,v
以旧换新,16,0.15,0.15%,l
不是,16,0.15,0.15%,c
很贵,16,0.15,0.15%,a
数码,16,0.15,0.15%,n
日常,16,0.15,0.15%,d
告诉,16,0.15,0.15%,v
不开,16,0.15,0.15%,n
pm,16,0.15,0.15%,eng
元起,16,0.15,0.15%,n
优酷,16,0.15,0.15%,a
会员,16,0.15,0.15%,n
难,16,0.15,0.15%,a
哄,16,0.15,0.15%,v
oppo,16,0.15,0.15%,eng
find,16,0.15,0.15%,eng
三款,16,0.15,0.15%,m
网上,16,0.15,0.15%,s
范围,16,0.15,0.15%,n
火线,16,0.15,0.15%,n
提升,16,0.15,0.15%,v
很大,16,0.15,0.15%,a
昨天,16,0.15,0.15%,t
咯,16,0.15,0.15%,o
枪战,16,0.15,0.15%,n
太差,16,0.15,0.15%,n
ProMax,16,0.15,0.15%,eng
特朗普,16,0.15,0.15%,nr
呀,16,0.15,0.15%,y
机主,16,0.15,0.15%,n
之家,16,0.15,0.15%,r
几百块,16,0.15,0.15%,m
补,16,0.15,0.15%,v
还要,16,0.15,0.15%,c
天,16,0.15,0.15%,q
不行,16,0.15,0.15%,v
甜,16,0.15,0.15%,a
究竟,16,0.15,0.15%,d
会卡,16,0.15,0.15%,n
cf,16,0.15,0.15%,eng
e,16,0.15,0.15%,eng
骁龙,16,0.15,0.15%,i
服,16,0.15,0.15%,v
真是,16,0.15,0.15%,d
开始,16,0.15,0.15%,v
几宗,16,0.15,0.15%,m
K,16,0.15,0.15%,eng
质感,16,0.15,0.15%,n
红米,16,0.15,0.15%,nr
细数,16,0.15,0.15%,n
Pro,16,0.15,0.15%,eng
盲约,16,0.15,0.15%,v
vivox,16,0.15,0.15%,eng
怎么办,16,0.15,0.15%,l
色,16,0.15,0.15%,ng
晚上,15,0.14,0.14%,t
主动,15,0.14,0.14%,b
哪吒,15,0.14,0.14%,nrt
结婚,15,0.14,0.14%,v
最好,15,0.14,0.14%,a
promax,15,0.14,0.14%,eng
iphone,15,0.14,0.14%,eng
今天,15,0.14,0.14%,t
情况,15,0.14,0.14%,n
小偷,15,0.14,0.14%,d
开机,15,0.14,0.14%,n
定位,15,0.14,0.14%,n
整栋,15,0.14,0.14%,m
卢伟,14,0.13,0.13%,n
不肯,14,0.13,0.13%,v
地址,14,0.13,0.13%,n
面膜,14,0.13,0.13%,n
转钱,14,0.13,0.13%,v
亮相,14,0.13,0.13%,n
认识,14,0.13,0.13%,v
三天,14,0.13,0.13%,m
冰称,14,0.13,0.13%,n
以内,14,0.13,0.13%,f
四千元,14,0.13,0.13%,m
非,14,0.13,0.13%,h
Buds,14,0.13,0.13%,eng
国补,14,0.13,0.13%,b
音质,14,0.13,0.13%,n
转帐,14,0.13,0.13%,v
积分,14,0.13,0.13%,ad
平时,14,0.13,0.13%,t
上海,14,0.13,0.13%,ns
俄,14,0.13,0.13%,j
多,13,0.12,0.12%,m
直接,13,0.12,0.12%,ad
MWC,13,0.12,0.12%,eng
新机,13,0.12,0.12%,n
他,13,0.12,0.12%,r
大学,13,0.12,0.12%,n
当时,12,0.11,0.11%,t
一场,12,0.11,0.11%,m
哪些,12,0.11,0.11%,r
称,12,0.11,0.11%,v
表妹,12,0.11,0.11%,n
AI,12,0.11,0.11%,eng
想着,12,0.11,0.11%,v
男子,12,0.11,0.11%,n
顺利,12,0.11,0.11%,ad
我妹,12,0.11,0.11%,n
后来,12,0.11,0.11%,t
所有,12,0.11,0.11%,b
觉得,12,0.11,0.11%,v
然后,12,0.11,0.11%,c
一,11,0.1,0.10%,m
出现,11,0.1,0.10%,v
谁,11,0.1,0.10%,r
公司,11,0.1,0.10%,n
机器人,11,0.1,0.10%,n
已,11,0.1,0.10%,d
嘴,11,0.1,0.10%,n
怎样,10,0.09,0.09%,r
塞,10,0.09,0.09%,v
看待,10,0.09,0.09%,v
DeepSeek,10,0.09,0.09%,eng
考研,10,0.09,0.09%,vn
受虐,10,0.09,0.09%,v
开启,10,0.09,0.09%,v
理想,10,0.09,0.09%,n
创新,10,0.09,0.09%,v
关系,9,0.08,0.08%,n
测试,9,0.08,0.08%,vn
并,9,0.08,0.08%,c
更,9,0.08,0.08%,d
结果,9,0.08,0.08%,n
自己,9,0.08,0.08%,r
特斯拉,9,0.08,0.08%,nrt
把,9,0.08,0.08%,p
看到,9,0.08,0.08%,v
大家,9,0.08,0.08%,n
张,9,0.08,0.08%,q
脑袋瓜,9,0.08,0.08%,n
乌克兰,9,0.08,0.08%,nr
上来,9,0.08,0.08%,t
汗,9,0.08,0.08%,zg
拉,9,0.08,0.08%,n
凯夫,9,0.08,0.08%,nrt
我俩,9,0.08,0.08%,r
三百多,9,0.08,0.08%,m
马斯克,8,0.07,0.07%,nr
note,8,0.07,0.07%,eng
带,8,0.07,0.07%,v
紫色,8,0.07,0.07%,n
快,8,0.07,0.07%,a
韵味,8,0.07,0.07%,n
转,8,0.07,0.07%,n
内,8,0.07,0.07%,n
拿不出,8,0.07,0.07%,v
中美,8,0.07,0.07%,ns
冲突,8,0.07,0.07%,vn
拍,8,0.07,0.07%,v
两年,8,0.07,0.07%,m
直播间,8,0.07,0.07%,n
湖南,8,0.07,0.07%,ns
通过,8,0.07,0.07%,p
超,8,0.07,0.07%,v
正在,8,0.07,0.07%,t
我心,8,0.07,0.07%,n
玩笑,8,0.07,0.07%,v
t,8,0.07,0.07%,x
荣耀,8,0.07,0.07%,nr
戳,8,0.07,0.07%,v
神机,8,0.07,0.07%,n
天玑,8,0.07,0.07%,nz
流泪,8,0.07,0.07%,n
还给,8,0.07,0.07%,v
明日,8,0.07,0.07%,t
耐心,8,0.07,0.07%,a
解答,8,0.07,0.07%,v
好看,8,0.07,0.07%,v
区别,8,0.07,0.07%,n
老人,8,0.07,0.07%,n
耐克,8,0.07,0.07%,nz
李威,8,0.07,0.07%,nr
岁,7,0.07,0.07%,m
国家,7,0.07,0.07%,n
很少,7,0.07,0.07%,m
乌,7,0.07,0.07%,j
拉拉,7,0.07,0.07%,nrt
像,7,0.07,0.07%,v
副,7,0.07,0.07%,b
原,7,0.07,0.07%,n
涉乌,7,0.07,0.07%,n
女生,7,0.07,0.07%,n
影响,7,0.07,0.07%,vn
马克,7,0.07,0.07%,nr
一脚,7,0.07,0.07%,mq
协议,7,0.07,0.07%,n
啥,7,0.07,0.07%,r
俄罗斯,7,0.07,0.07%,ns
是否,7,0.07,0.07%,v
经常,7,0.07,0.07%,d
精神,7,0.07,0.07%,n
只,7,0.07,0.07%,d
成为,7,0.07,0.07%,v
低,7,0.07,0.07%,a
喝酒,7,0.07,0.07%,v
啪,6,0.06,0.06%,o
啪啪,6,0.06,0.06%,o
期间,6,0.06,0.06%,f
小嘴,6,0.06,0.06%,n
疫情,6,0.06,0.06%,n
去往,6,0.06,0.06%,t
麦克风,6,0.06,0.06%,nr
进去,6,0.06,0.06%,v
而已,6,0.06,0.06%,y
争议,6,0.06,0.06%,n
难受,6,0.06,0.06%,v
熟知,6,0.06,0.06%,v
封城,6,0.06,0.06%,nr
北京,6,0.06,0.06%,ns
人类,6,0.06,0.06%,n
阳,6,0.06,0.06%,ng
齿轮,6,0.06,0.06%,n
转动,6,0.06,0.06%,v
角色,6,0.06,0.06%,n
组队,6,0.06,0.06%,n
哧溜,6,0.06,0.06%,o
进来,6,0.06,0.06%,v
圈羊,6,0.06,0.06%,n
评价,6,0.06,0.06%,n
最,6,0.06,0.06%,d
朋友,6,0.06,0.06%,n
踢出去,6,0.06,0.06%,v
我发,6,0.06,0.06%,n
连忙,6,0.06,0.06%,d
反正,6,0.06,0.06%,d
爆发,6,0.06,0.06%,v
单身,6,0.06,0.06%,n
一条,6,0.06,0.06%,m
几句,6,0.06,0.06%,m
苏州,6,0.06,0.06%,ns
实习,6,0.06,0.06%,v
忙碌,6,0.06,0.06%,a
渐渐,6,0.06,0.06%,d
三言两语,6,0.06,0.06%,i
聊,6,0.06,0.06%,v
美国,6,0.06,0.06%,ns
生涯,6,0.06,0.06%,n
转折点,6,0.06,0.06%,n
宇树,6,0.06,0.06%,nr
演员,6,0.06,0.06%,n
这家,6,0.06,0.06%,r
迈巴赫,6,0.06,0.06%,nrt
已经,6,0.06,0.06%,d
实习期,6,0.06,0.06%,n
赞成票,6,0.06,0.06%,n
查看,6,0.06,0.06%,v
推给,6,0.06,0.06%,v
狗,6,0.06,0.06%,n
拔刀,6,0.06,0.06%,v
贼,6,0.06,0.06%,n
吕布,6,0.06,0.06%,nr
当场,6,0.06,0.06%,s
打游戏,6,0.06,0.06%,l
我加,6,0.06,0.06%,n
贯穿,6,0.06,0.06%,v
好友,6,0.06,0.06%,n
反弹,6,0.06,0.06%,v
就是,6,0.06,0.06%,d
黄金,6,0.06,0.06%,n
段位,6,0.06,0.06%,n
正好,6,0.06,0.06%,a
命运,6,0.06,0.06%,n
身心,6,0.06,0.06%,n
美俄,6,0.06,0.06%,ns
儿戏,6,0.06,0.06%,n
汽车,6,0.06,0.06%,n
流汗,6,0.06,0.06%,n
那时,6,0.06,0.06%,r
奔,6,0.06,0.06%,n
os,6,0.06,0.06%,eng
现到,6,0.06,0.06%,n
不可思议,6,0.06,0.06%,i
出轨,6,0.06,0.06%,v
太,6,0.06,0.06%,d
问题,6,0.06,0.06%,n
图,6,0.06,0.06%,n
网友,6,0.06,0.06%,n
华为,6,0.06,0.06%,nr
回到,6,0.06,0.06%,v
博士,6,0.06,0.06%,n
老婆,6,0.06,0.06%,n
夏天,6,0.06,0.06%,t
院长,5,0.05,0.05%,n
事故,5,0.05,0.05%,n
比特,5,0.05,0.05%,nrt
美股,5,0.05,0.05%,m
币,5,0.05,0.05%,n
直播,5,0.05,0.05%,vn
吃,5,0.05,0.05%,v
小孩,5,0.05,0.05%,n
联合国安理会,5,0.05,0.05%,nt
因,5,0.05,0.05%,p
鹿晗,5,0.05,0.05%,nr
于,5,0.05,0.05%,p
高速,5,0.05,0.05%,d
继续,5,0.05,0.05%,v
一年,5,0.05,0.05%,m
接入,5,0.05,0.05%,v
导演,5,0.05,0.05%,v
我们,5,0.05,0.05%,r
澎湃,5,0.05,0.05%,v
计划,5,0.05,0.05%,n
决议,5,0.05,0.05%,n
但,5,0.05,0.05%,c
六,5,0.05,0.05%,m
预测,5,0.05,0.05%,vn
成绩,5,0.05,0.05%,n
专家,5,0.05,0.05%,n
一切,5,0.05,0.05%,r
停战,5,0.05,0.05%,v
偶遇,5,0.05,0.05%,n
普京,5,0.05,0.05%,ns
全国,5,0.05,0.05%,n
董明珠,5,0.05,0.05%,nr
龙,5,0.05,0.05%,n
官方,5,0.05,0.05%,n
姊妹,5,0.05,0.05%,n
开源,5,0.05,0.05%,n
无,5,0.05,0.05%,v
不会,5,0.05,0.05%,v
关晓彤,5,0.05,0.05%,nrfg
前,5,0.05,0.05%,f
做,5,0.05,0.05%,v
免职,5,0.05,0.05%,v
百万,5,0.05,0.05%,m
科技,5,0.05,0.05%,n
南京师范大学,5,0.05,0.05%,nt
肖战,5,0.05,0.05%,nr
该,5,0.05,0.05%,r
模型,4,0.04,0.04%,n
矿产,4,0.04,0.04%,n
调整,4,0.04,0.04%,vn
状态,4,0.04,0.04%,n
手,4,0.04,0.04%,s
线,4,0.04,0.04%,n
上演,4,0.04,0.04%,v
河南,4,0.04,0.04%,ns
一加,4,0.04,0.04%,d
暴力,4,0.04,0.04%,n
辞,4,0.04,0.04%,v
亿美元,4,0.04,0.04%,m
开,4,0.04,0.04%,v
hyper,4,0.04,0.04%,eng
SUV,4,0.04,0.04%,eng
租赁,4,0.04,0.04%,v
环境,4,0.04,0.04%,n
烟花,4,0.04,0.04%,n
纯电,4,0.04,0.04%,n
江汽,4,0.04,0.04%,j
格力,4,0.04,0.04%,n
或,4,0.04,0.04%,c
小时,4,0.04,0.04%,n
钦,4,0.04,0.04%,n
MIUI,4,0.04,0.04%,eng
安理会,4,0.04,0.04%,nt
原生,4,0.04,0.04%,n
丨,4,0.04,0.04%,zg
以,4,0.04,0.04%,p
高校,4,0.04,0.04%,n
集团,4,0.04,0.04%,n
连斯基,4,0.04,0.04%,nr
越南,4,0.04,0.04%,ns
号,4,0.04,0.04%,q
鸿沟,4,0.04,0.04%,n
这部,4,0.04,0.04%,r
医生,4,0.04,0.04%,n
欧洲,4,0.04,0.04%,ns
阿里,4,0.04,0.04%,nrt
跌,4,0.04,0.04%,v
强奸,4,0.04,0.04%,n
面临,4,0.04,0.04%,v
渠道,4,0.04,0.04%,n
泽,4,0.04,0.04%,nr
凡,4,0.04,0.04%,d
酷,4,0.04,0.04%,n
父母,4,0.04,0.04%,n
美,4,0.04,0.04%,j
俄均,4,0.04,0.04%,j
美债,4,0.04,0.04%,n
俄乌,4,0.04,0.04%,n
信号,4,0.04,0.04%,n
票房,4,0.04,0.04%,n
学历,4,0.04,0.04%,n
曝光,4,0.04,0.04%,nz
不能,4,0.04,0.04%,v
愿意,4,0.04,0.04%,v
已致,4,0.04,0.04%,d
孩子,4,0.04,0.04%,n
两个,4,0.04,0.04%,m
到底,4,0.04,0.04%,d
员工,4,0.04,0.04%,n
暂停,4,0.04,0.04%,d
表示,4,0.04,0.04%,v
宣布,4,0.04,0.04%,v
总统,4,0.04,0.04%,n
身亡,4,0.04,0.04%,v
名,4,0.04,0.04%,q
成,4,0.04,0.04%,n
选择,4,0.04,0.04%,v
明确,4,0.04,0.04%,ad
这么,4,0.04,0.04%,r
出,4,0.04,0.04%,v
JDG,4,0.04,0.04%,eng
AL,4,0.04,0.04%,eng
爱,4,0.04,0.04%,v
投下,4,0.04,0.04%,v
能否,4,0.04,0.04%,v
结束,4,0.04,0.04%,v
不想,4,0.04,0.04%,v
出来,4,0.04,0.04%,v
账号,4,0.04,0.04%,n
其,4,0.04,0.04%,r
宋,4,0.04,0.04%,nr
发现,4,0.04,0.04%,v
某某,4,0.04,0.04%,r
新剧,4,0.04,0.04%,n
差,3,0.03,0.03%,a
生活,3,0.03,0.03%,vn
一种,3,0.03,0.03%,m
花,3,0.03,0.03%,v
博主,3,0.03,0.03%,n
预期,3,0.03,0.03%,vn
用户,3,0.03,0.03%,n
营销,3,0.03,0.03%,vn
套房,3,0.03,0.03%,n
T,3,0.03,0.03%,x
FSD,3,0.03,0.03%,eng
应该,3,0.03,0.03%,v
香港,3,0.03,0.03%,ns
谣言,3,0.03,0.03%,n
工作室,3,0.03,0.03%,n
维权,3,0.03,0.03%,n
声明,3,0.03,0.03%,n
九旬,3,0.03,0.03%,t
重启,3,0.03,0.03%,v
离世,3,0.03,0.03%,v
死刑,3,0.03,0.03%,v
东北,3,0.03,0.03%,ns
效率,3,0.03,0.03%,n
王祖贤,3,0.03,0.03%,nr
继承,3,0.03,0.03%,v
就业,3,0.03,0.03%,v
温以,3,0.03,0.03%,n
倒塌,3,0.03,0.03%,v
尹锡悦,3,0.03,0.03%,nr
举报,3,0.03,0.03%,v
全面,3,0.03,0.03%,n
关税,3,0.03,0.03%,n
最大,3,0.03,0.03%,a
到手,3,0.03,0.03%,d
就要,3,0.03,0.03%,d
突然,3,0.03,0.03%,ad
为何,3,0.03,0.03%,r
正式,3,0.03,0.03%,ad
一夜,3,0.03,0.03%,m
却,3,0.03,0.03%,d
界,3,0.03,0.03%,n
造型,3,0.03,0.03%,n
合照,3,0.03,0.03%,v
女博士,3,0.03,0.03%,n
首款,3,0.03,0.03%,n
高,3,0.03,0.03%,a
i,3,0.03,0.03%,x
推出,3,0.03,0.03%,v
跌超,3,0.03,0.03%,n
希望,3,0.03,0.03%,v
国产,3,0.03,0.03%,n
虞书欣,3,0.03,0.03%,nr
它,3,0.03,0.03%,r
高管,3,0.03,0.03%,n
投,3,0.03,0.03%,n
世界,3,0.03,0.03%,n
政府,3,0.03,0.03%,n
桥梁,3,0.03,0.03%,n
玩,3,0.03,0.03%,v
王楚,3,0.03,0.03%,n
工程,3,0.03,0.03%,n
条件,3,0.03,0.03%,n
关于,3,0.03,0.03%,p
做法,3,0.03,0.03%,v
设计,3,0.03,0.03%,vn
非法,3,0.03,0.03%,b
完,3,0.03,0.03%,v
主席,3,0.03,0.03%,n
毕业,3,0.03,0.03%,n
樊振东,3,0.03,0.03%,nr
处理,3,0.03,0.03%,v
新能源,3,0.03,0.03%,n
干,3,0.03,0.03%,v
妈妈,3,0.03,0.03%,n
违规,3,0.03,0.03%,vn
新闻,3,0.03,0.03%,n
晚,3,0.03,0.03%,t
最终,3,0.03,0.03%,d
涉嫌,3,0.03,0.03%,v
德国,3,0.03,0.03%,ns
工人,3,0.03,0.03%,n
V,3,0.03,0.03%,eng
淘汰,3,0.03,0.03%,v
百度,3,0.03,0.03%,n
全线,3,0.03,0.03%,n
收购,3,0.03,0.03%,v
暴跌,3,0.03,0.03%,v
YY,3,0.03,0.03%,eng
会议,3,0.03,0.03%,n
产品,3,0.03,0.03%,n
业务,3,0.03,0.03%,n
女,3,0.03,0.03%,b
事件,3,0.03,0.03%,n
农村,3,0.03,0.03%,n
撞船,3,0.03,0.03%,n
哥,3,0.03,0.03%,n
访美,3,0.03,0.03%,v
签,3,0.03,0.03%,v
公主,3,0.03,0.03%,n
要求,3,0.03,0.03%,v
指数,3,0.03,0.03%,n
跌幅,3,0.03,0.03%,n
迅猛,3,0.03,0.03%,ad
七,3,0.03,0.03%,m
巨头,3,0.03,0.03%,n
小,3,0.03,0.03%,a
孙颖莎,3,0.03,0.03%,nr
恋爱,3,0.03,0.03%,v
视频,3,0.03,0.03%,n
白敬亭,3,0.03,0.03%,nr
阿凡,3,0.03,0.03%,n
这能,3,0.03,0.03%,n
关注,3,0.03,0.03%,v
免费,3,0.03,0.03%,vn
仅,3,0.03,0.03%,d
买家,3,0.03,0.03%,n
分享,3,0.03,0.03%,v
四年,3,0.03,0.03%,m
关闭,3,0.03,0.03%,v
南师大,3,0.03,0.03%,nr
达,3,0.03,0.03%,v
曼联,3,0.03,0.03%,ns
致,3,0.03,0.03%,v
发生,3,0.03,0.03%,v
年内,3,0.03,0.03%,t
合作,3,0.03,0.03%,vn
烟闷,3,0.03,0.03%,n
不知,3,0.03,0.03%,v
领导,3,0.03,0.03%,n
设定,3,0.03,0.03%,v
原神,3,0.03,0.03%,n
维护,3,0.03,0.03%,v
竟,3,0.03,0.03%,d
芯片,3,0.03,0.03%,n
铁道,3,0.03,0.03%,n
星穹,3,0.03,0.03%,n
东来,3,0.03,0.03%,t
提供,3,0.03,0.03%,v
女星,3,0.03,0.03%,n
中概,3,0.03,0.03%,n
车辆,3,0.03,0.03%,n
崩坏,3,0.03,0.03%,v
斤,3,0.03,0.03%,m
突破,3,0.03,0.03%,vn
起来,3,0.03,0.03%,v
马上,3,0.03,0.03%,d
之光,3,0.03,0.03%,n
有何,3,0.03,0.03%,r
万美元,3,0.03,0.03%,m
位,3,0.03,0.03%,q
女子,3,0.03,0.03%,n
具体情况,3,0.03,0.03%,l
经济,3,0.03,0.03%,n
媒体,3,0.03,0.03%,n
督办,3,0.03,0.03%,v
肯定,3,0.03,0.03%,v
国务院,3,0.03,0.03%,nt
掉,3,0.03,0.03%,v
数据,3,0.03,0.03%,n
米兰,3,0.03,0.03%,ns
挂牌,3,0.03,0.03%,v
价格,3,0.03,0.03%,n
哪里,3,0.03,0.03%,r
民众,3,0.03,0.03%,n
短剧,3,0.03,0.03%,n
联大,3,0.03,0.03%,j
许昕,3,0.03,0.03%,nr
资产,2,0.02,0.02%,n
异性,2,0.02,0.02%,n
加速,2,0.02,0.02%,v
提出,2,0.02,0.02%,v
版,2,0.02,0.02%,n
一度,2,0.02,0.02%,mq
座椅,2,0.02,0.02%,n
相撞,2,0.02,0.02%,v
相貌,2,0.02,0.02%,n
印度,2,0.02,0.02%,ns
提到,2,0.02,0.02%,v
完全,2,0.02,0.02%,ad
银行,2,0.02,0.02%,n
入狱,2,0.02,0.02%,v
立场,2,0.02,0.02%,n
兜售,2,0.02,0.02%,v
曾,2,0.02,0.02%,d
空战,2,0.02,0.02%,n
座位,2,0.02,0.02%,n
存在,2,0.02,0.02%,v
拟,2,0.02,0.02%,v
不满,2,0.02,0.02%,a
高空,2,0.02,0.02%,n
网红,2,0.02,0.02%,n
欧盟,2,0.02,0.02%,j
不同,2,0.02,0.02%,a
沅陵,2,0.02,0.02%,ns
接班人,2,0.02,0.02%,n
采访,2,0.02,0.02%,v
有些,2,0.02,0.02%,r
达成,2,0.02,0.02%,v
更新,2,0.02,0.02%,d
大结局,2,0.02,0.02%,n
官网,2,0.02,0.02%,n
声音,2,0.02,0.02%,n
命案,2,0.02,0.02%,n
死亡,2,0.02,0.02%,v
宣称,2,0.02,0.02%,v
一样,2,0.02,0.02%,r
土,2,0.02,0.02%,zg
书记,2,0.02,0.02%,n
思想,2,0.02,0.02%,n
记忆,2,0.02,0.02%,n
解读,2,0.02,0.02%,v
心理,2,0.02,0.02%,n
反转,2,0.02,0.02%,v
领导人,2,0.02,0.02%,n
致死,2,0.02,0.02%,v
违章,2,0.02,0.02%,vn
解决,2,0.02,0.02%,v
加拿大,2,0.02,0.02%,ns
搜索,2,0.02,0.02%,v
网络,2,0.02,0.02%,n
刚出生,2,0.02,0.02%,i
是不是,2,0.02,0.02%,l
女儿,2,0.02,0.02%,n
挑战,2,0.02,0.02%,vn
双方,2,0.02,0.02%,n
马航,2,0.02,0.02%,nr
艾灸,2,0.02,0.02%,nr
合村,2,0.02,0.02%,n
馆,2,0.02,0.02%,ng
动力,2,0.02,0.02%,n
国内,2,0.02,0.02%,s
产业,2,0.02,0.02%,n
MH,2,0.02,0.02%,eng
汪峰,2,0.02,0.02%,nr
没有,2,0.02,0.02%,v
韩国,2,0.02,0.02%,ns
辞退,2,0.02,0.02%,v
喜欢,2,0.02,0.02%,v
车主,2,0.02,0.02%,n
称车,2,0.02,0.02%,v
清洁工,2,0.02,0.02%,n
打扫,2,0.02,0.02%,v
王蒙徽,2,0.02,0.02%,nr
德尔,2,0.02,0.02%,ns
全国人大,2,0.02,0.02%,nt
伤,2,0.02,0.02%,v
全校,2,0.02,0.02%,n
万买,2,0.02,0.02%,n
资源,2,0.02,0.02%,n
魏,2,0.02,0.02%,nr
白酒,2,0.02,0.02%,n
韧性,2,0.02,0.02%,n
科技股,2,0.02,0.02%,n
同框,2,0.02,0.02%,n
想要,2,0.02,0.02%,v
大涨,2,0.02,0.02%,n
公务员,2,0.02,0.02%,n
上岗,2,0.02,0.02%,ns
带来,2,0.02,0.02%,v
跌破,2,0.02,0.02%,v
花式,2,0.02,0.02%,n
送服,2,0.02,0.02%,v
后续,2,0.02,0.02%,v
禁言,2,0.02,0.02%,n
亲属,2,0.02,0.02%,n
四,2,0.02,0.02%,m
回归,2,0.02,0.02%,v
卷入,2,0.02,0.02%,v
协调,2,0.02,0.02%,v
普涨,2,0.02,0.02%,v
举行,2,0.02,0.02%,v
基辅,2,0.02,0.02%,n
概股,2,0.02,0.02%,n
盘前,2,0.02,0.02%,n
克格勃,2,0.02,0.02%,nr
部长,2,0.02,0.02%,n
特工,2,0.02,0.02%,n
请,2,0.02,0.02%,v
农田,2,0.02,0.02%,n
无期徒刑,2,0.02,0.02%,l
车,2,0.02,0.02%,zg
时刻,2,0.02,0.02%,n
分析,2,0.02,0.02%,vn
药,2,0.02,0.02%,n
受伤,2,0.02,0.02%,v
提名,2,0.02,0.02%,v
新高,2,0.02,0.02%,v
市,2,0.02,0.02%,n
堂弟,2,0.02,0.02%,n
结局,2,0.02,0.02%,n
马库斯,2,0.02,0.02%,nr
班主任,2,0.02,0.02%,n
学校,2,0.02,0.02%,n
奇,2,0.02,0.02%,ag
王子,2,0.02,0.02%,nr
李兰迪,2,0.02,0.02%,nr
比,2,0.02,0.02%,p
檀健次,2,0.02,0.02%,n
现身,2,0.02,0.02%,n
风波,2,0.02,0.02%,n
市长,2,0.02,0.02%,n
辞去,2,0.02,0.02%,v
何雄,2,0.02,0.02%,nr
LPL,2,0.02,0.02%,eng
赛季,2,0.02,0.02%,t
重新,2,0.02,0.02%,a
男生,2,0.02,0.02%,n
月亮,2,0.02,0.02%,n
式,2,0.02,0.02%,k
第一,2,0.02,0.02%,m
评,2,0.02,0.02%,v
淘汰赛,2,0.02,0.02%,n
改名,2,0.02,0.02%,v
关联,2,0.02,0.02%,ns
商业,2,0.02,0.02%,n
当众,2,0.02,0.02%,n
连续,2,0.02,0.02%,a
名下,2,0.02,0.02%,n
掌,2,0.02,0.02%,n
掴,2,0.02,0.02%,v
独居,2,0.02,0.02%,v
爸爸,2,0.02,0.02%,n
暗访,2,0.02,0.02%,v
安委会,2,0.02,0.02%,nt
台,2,0.02,0.02%,q
找到,2,0.02,0.02%,v
迪丽,2,0.02,0.02%,nr
禹州市,2,0.02,0.02%,ns
热巴,2,0.02,0.02%,n
照顾,2,0.02,0.02%,v
大衣,2,0.02,0.02%,n
长葛市,2,0.02,0.02%,ns
镇,2,0.02,0.02%,n
外卖,2,0.02,0.02%,v
发展,2,0.02,0.02%,vn
李盈莹,2,0.02,0.02%,nr
清空,2,0.02,0.02%,n
潘宏,2,0.02,0.02%,nr
自我,2,0.02,0.02%,r
幼儿园,2,0.02,0.02%,nr
LV,2,0.02,0.02%,eng
投资,2,0.02,0.02%,vn
司机,2,0.02,0.02%,n
必要,2,0.02,0.02%,d
应,2,0.02,0.02%,v
相比,2,0.02,0.02%,v
元,2,0.02,0.02%,m
乘客,2,0.02,0.02%,n
驾驶,2,0.02,0.02%,v
表决,2,0.02,0.02%,v
辅助,2,0.02,0.02%,vn
作为,2,0.02,0.02%,v
链,2,0.02,0.02%,n
运输,2,0.02,0.02%,vn
细节,2,0.02,0.02%,n
节奏,2,0.02,0.02%,n
区,2,0.02,0.02%,n
人生,2,0.02,0.02%,n
收到,2,0.02,0.02%,v
张凌赫,2,0.02,0.02%,nr
扩大,2,0.02,0.02%,v
集体,2,0.02,0.02%,n
纳指,2,0.02,0.02%,nz
即将,2,0.02,0.02%,d
真正,2,0.02,0.02%,d
内容,2,0.02,0.02%,n
撞沉,2,0.02,0.02%,v
接受,2,0.02,0.02%,v
特别,2,0.02,0.02%,d
谈,2,0.02,0.02%,v
少,2,0.02,0.02%,a
会见,2,0.02,0.02%,n
至近,2,0.02,0.02%,n
客船,2,0.02,0.02%,n
限制,2,0.02,0.02%,v
科考,2,0.02,0.02%,nr
队员,2,0.02,0.02%,n
溶洞,2,0.02,0.02%,n
转跌,2,0.02,0.02%,v
消防,2,0.02,0.02%,n
起,2,0.02,0.02%,v
失联,2,0.02,0.02%,vn
近日,2,0.02,0.02%,t
高远,2,0.02,0.02%,d
网店,2,0.02,0.02%,n
林,2,0.02,0.02%,ng
功能,2,0.02,0.02%,n
碰,2,0.02,0.02%,v
无法,2,0.02,0.02%,n
学术,2,0.02,0.02%,n
婚礼,2,0.02,0.02%,n
风扇,2,0.02,0.02%,n
之魂,2,0.02,0.02%,n
发售,2,0.02,0.02%,vn
美乌,2,0.02,0.02%,n
矿藏,2,0.02,0.02%,n
管理,2,0.02,0.02%,vn
家,2,0.02,0.02%,q
判刑,2,0.02,0.02%,v
厂商,2,0.02,0.02%,n
认为,2,0.02,0.02%,v
言论,2,0.02,0.02%,n
价值,2,0.02,0.02%,n
马进,2,0.02,0.02%,nr
不当,2,0.02,0.02%,d
大部分,2,0.02,0.02%,m
查分,2,0.02,0.02%,v
失落,2,0.02,0.02%,v
有利于,2,0.02,0.02%,v
这场,2,0.02,0.02%,mq
曝,2,0.02,0.02%,zg
尘埃落定,2,0.02,0.02%,i
消费者,2,0.02,0.02%,n
校方,2,0.02,0.02%,n
近,2,0.02,0.02%,a
指,2,0.02,0.02%,n
过期,2,0.02,0.02%,t
通信,2,0.02,0.02%,j
比赛,2,0.02,0.02%,vn
坚果,2,0.02,0.02%,n
外资,2,0.02,0.02%,n
航空,2,0.02,0.02%,n
长得,2,0.02,0.02%,n
赛段,2,0.02,0.02%,n
伤害,2,0.02,0.02%,a
愿,2,0.02,0.02%,v
新纪元,2,0.02,0.02%,nz
万物,2,0.02,0.02%,n
丝滑,2,0.02,0.02%,n
那种,2,0.02,0.02%,r
天时,2,0.02,0.02%,t
尽,2,0.02,0.02%,v
占,2,0.02,0.02%,v
一周,2,0.02,0.02%,m
可谓,2,0.02,0.02%,v
日活,2,0.02,0.02%,n
论坛,2,0.02,0.02%,n
刷机,2,0.02,0.02%,n
彻夜,2,0.02,0.02%,d
米粉,2,0.02,0.02%,nr
ROM,2,0.02,0.02%,eng
华尔街,2,0.02,0.02%,ns
横空出世,2,0.02,0.02%,i
十五年,2,0.02,0.02%,m
凶多吉少,2,0.02,0.02%,i
习近平,2,0.02,0.02%,nrfg
通电话,2,0.02,0.02%,l
注定,2,0.02,0.02%,v
对于,2,0.02,0.02%,p
定制,2,0.02,0.02%,v
这安卓,2,0.02,0.02%,n
仿佛,2,0.02,0.02%,d
负,2,0.02,0.02%,n
刷屏,2,0.02,0.02%,n
跳,2,0.02,0.02%,v
基于,2,0.02,0.02%,p
墨西哥,2,0.02,0.02%,ns
回本,2,0.02,0.02%,n
多天,2,0.02,0.02%,m
早餐,2,0.02,0.02%,n
FM,2,0.02,0.02%,eng
Radio,2,0.02,0.02%,eng
即刻,2,0.02,0.02%,d
传令,2,0.02,0.02%,n
优势,2,0.02,0.02%,n
万友商,2,0.02,0.02%,n
对战,2,0.02,0.02%,n
万月活,2,0.02,0.02%,n
会战,2,0.02,0.02%,n
讲,2,0.02,0.02%,v
总之,2,0.02,0.02%,c
地,2,0.02,0.02%,uv
墓碑,2,0.02,0.02%,n
一变,2,0.02,0.02%,n
至于,2,0.02,0.02%,p
这里,2,0.02,0.02%,r
迭代,2,0.02,0.02%,v
版本,2,0.02,0.02%,n
十几次,2,0.02,0.02%,m
短短,2,0.02,0.02%,z
眼前,2,0.02,0.02%,t
租出去,2,0.02,0.02%,v
犹在,2,0.02,0.02%,n
收费,2,0.02,0.02%,n
境界,2,0.02,0.02%,n
插件,2,0.02,0.02%,n
明白,2,0.02,0.02%,nr
第一次,2,0.02,0.02%,m
淡季,2,0.02,0.02%,n
搞了个,2,0.02,0.02%,n
怕,2,0.02,0.02%,v
裸辞,2,0.02,0.02%,n
好多,2,0.02,0.02%,m
板块,2,0.02,0.02%,n
郑州,2,0.02,0.02%,ns
寸步难行,2,0.02,0.02%,i
没点,2,0.02,0.02%,v
地方,2,0.02,0.02%,n
不辞,2,0.02,0.02%,n
通宵,2,0.02,0.02%,n
龙特蕾,2,0.02,0.02%,nr
莎,2,0.02,0.02%,nr
熬夜,2,0.02,0.02%,v
班,2,0.02,0.02%,n
二,2,0.02,0.02%,n
上四休,2,0.02,0.02%,n
上班,2,0.02,0.02%,v
里边,2,0.02,0.02%,f
机场,2,0.02,0.02%,n
差不多,2,0.02,0.02%,l
税前,2,0.02,0.02%,t
千左右,2,0.02,0.02%,m
密码,2,0.02,0.02%,n
每月,2,0.02,0.02%,r
妹妹,2,0.02,0.02%,n
相当于,2,0.02,0.02%,v
pro,2,0.02,0.02%,eng
中专,2,0.02,0.02%,j
成人,2,0.02,0.02%,n
趁着,2,0.02,0.02%,p
弹劾案,2,0.02,0.02%,vn
当,2,0.02,0.02%,p
敖丙,2,0.02,0.02%,nr
hyperos,2,0.02,0.02%,eng
差真,2,0.02,0.02%,l
加上,2,0.02,0.02%,v
bug,2,0.02,0.02%,eng
要不是,2,0.02,0.02%,c
日本,2,0.02,0.02%,ns
EDG,2,0.02,0.02%,eng
刷,2,0.02,0.02%,zg
华,2,0.02,0.02%,ns
离谱,2,0.02,0.02%,n
卡顿,2,0.02,0.02%,nrt
完机,2,0.02,0.02%,n
刚刷,2,0.02,0.02%,n
假,2,0.02,0.02%,a
gen,2,0.02,0.02%,eng
NFC,2,0.02,0.02%,eng
color,2,0.02,0.02%,eng
垃圾,2,0.02,0.02%,n
首销,2,0.02,0.02%,n
现已,2,0.02,0.02%,d
助手,2,0.02,0.02%,n
布,2,0.02,0.02%,nr
HyperOS,2,0.02,0.02%,eng
外面,2,0.02,0.02%,f
大专,2,0.02,0.02%,n
见闻,2,0.02,0.02%,n
启动,2,0.02,0.02%,vn
导师,2,0.02,0.02%,n
澳大利亚,2,0.02,0.02%,ns
闹海,2,0.02,0.02%,ns
三大,2,0.02,0.02%,m
泰国,2,0.02,0.02%,ns
CEO,2,0.02,0.02%,eng
红果,2,0.02,0.02%,n
市场,2,0.02,0.02%,n
地位,2,0.02,0.02%,n
之间,2,0.02,0.02%,f
微,2,0.02,0.02%,n
领域,2,0.02,0.02%,n
剧方,2,0.02,0.02%,n
vip,2,0.02,0.02%,eng
首集,2,0.02,0.02%,n
复试,2,0.02,0.02%,v
回落,2,0.02,0.02%,v
电车,2,0.02,0.02%,n
油车,2,0.02,0.02%,n
基本,2,0.02,0.02%,n
多年,2,0.02,0.02%,m
扫地机,2,0.02,0.02%,n
加,2,0.02,0.02%,v
时代,2,0.02,0.02%,n
缇,2,0.02,0.02%,g
宝,2,0.02,0.02%,n
PV,2,0.02,0.02%,eng
童言无忌,2,0.02,0.02%,i
改变,2,0.02,0.02%,v
理解,2,0.02,0.02%,v
之魔童,2,0.02,0.02%,n
未来,2,0.02,0.02%,t
实际,2,0.02,0.02%,n
热量,2,0.02,0.02%,n
正,2,0.02,0.02%,d
调查,2,0.02,0.02%,vn
此类,2,0.02,0.02%,r
动物,2,0.02,0.02%,n
若,2,0.02,0.02%,c
呼吁,2,0.02,0.02%,v
意味着,2,0.02,0.02%,v
目前,2,0.02,0.02%,t
全球,2,0.02,0.02%,n
多少,2,0.02,0.02%,m
公开,2,0.02,0.02%,ad
指责,2,0.02,0.02%,v
安排,2,0.02,0.02%,v
此事,2,0.02,0.02%,r
机型,2,0.02,0.02%,n
种,2,0.02,0.02%,m
球员,2,0.02,0.02%,n
考虑,2,0.02,0.02%,v
最新,2,0.02,0.02%,d
俄美,2,0.02,0.02%,ns
战争,2,0.02,0.02%,n
对话,2,0.02,0.02%,n
现象,2,0.02,0.02%,n
挣钱,2,0.02,0.02%,v
章鱼,2,0.02,0.02%,nr
遇难,2,0.02,0.02%,v
能力,2,0.02,0.02%,n
升级,2,0.02,0.02%,vn
优先,2,0.02,0.02%,vn
强,2,0.02,0.02%,a
年薪,2,0.02,0.02%,n
健身,2,0.02,0.02%,v
教练,2,0.02,0.02%,vn
Promini,2,0.02,0.02%,eng
vivoX,2,0.02,0.02%,eng
饶雪漫,2,0.02,0.02%,nr
复旦,2,0.02,0.02%,nz
Magic,2,0.02,0.02%,eng
投奔,2,0.02,0.02%,v
代码,2,0.02,0.02%,n
核心,2,0.02,0.02%,n
经理,2,0.02,0.02%,n
等等,2,0.02,0.02%,u
本来,2,0.02,0.02%,t
犹豫,2,0.02,0.02%,a
雷总一,2,0.02,0.02%,n
磨砂,2,0.02,0.02%,n
黑,2,0.02,0.02%,a
冲,2,0.02,0.02%,v
沾,2,0.02,0.02%,v
指纹,2,0.02,0.02%,n
大大,2,0.02,0.02%,b
滴,2,0.02,0.02%,v
好评,2,0.02,0.02%,v
以东,2,0.02,0.02%,f
以西,2,0.02,0.02%,f
楚河汉界,2,0.02,0.02%,ns
大幅,2,0.02,0.02%,d
改,2,0.02,0.02%,v
张怡宁,2,0.02,0.02%,nr
显示器,2,0.02,0.02%,n
落地,2,0.02,0.02%,n
总是,2,0.02,0.02%,c
帮助,2,0.02,0.02%,v
提高,2,0.02,0.02%,v
胖,2,0.02,0.02%,a
程度,2,0.02,0.02%,n
通报,2,0.02,0.02%,n
博士后,2,0.02,0.02%,nr
抄袭,2,0.02,0.02%,v
大蒜,2,0.02,0.02%,n
咖啡,2,0.02,0.02%,n
对方,2,0.02,0.02%,n
蒸发,2,0.02,0.02%,v
市值,2,0.02,0.02%,n
三,2,0.02,0.02%,m
灌,2,0.02,0.02%,v
面汤,2,0.02,0.02%,n
呛,2,0.02,0.02%,v
杀人,2,0.02,0.02%,n
怀孕,2,0.02,0.02%,v
周时,2,0.02,0.02%,t
胎儿,2,0.02,0.02%,n
小脚丫,2,0.02,0.02%,nr
徐娇,2,0.02,0.02%,nr
贵女,2,0.02,0.02%,n
爆改,2,0.02,0.02%,v
女帝,2,0.02,0.02%,n
下降,2,0.02,0.02%,v
micare,2,0.02,0.02%,eng
妻案,2,0.02,0.02%,n
楼阳生,2,0.02,0.02%,nr
的话,2,0.02,0.02%,u
OPPOFindX,2,0.02,0.02%,eng
鸿蒙,2,0.02,0.02%,nr
主管,2,0.02,0.02%,n
出手,2,0.02,0.02%,v
常驻,2,0.02,0.02%,v
支援,2,0.02,0.02%,v
几个,2,0.02,0.02%,m
不要,2,0.02,0.02%,df
一个月,2,0.02,0.02%,m
莫雷,2,0.02,0.02%,nr
补贴,2,0.02,0.02%,n
乌欧,2,0.02,0.02%,ns
同意,2,0.02,0.02%,d
敢,2,0.02,0.02%,v
块钱,2,0.02,0.02%,n
化妆,2,0.02,0.02%,n
加德,2,0.02,0.02%,nrt
北京警方,2,0.02,0.02%,nt
mate,2,0.02,0.02%,eng
右边,2,0.02,0.02%,f
型号,2,0.02,0.02%,n
机,2,0.02,0.02%,ng
复仇,2,0.02,0.02%,v
卡梅隆,2,0.02,0.02%,nr
至,2,0.02,0.02%,p
迷你,2,0.02,0.02%,b
正规,2,0.02,0.02%,a
第三方,2,0.02,0.02%,m
周报,2,0.02,0.02%,n
获取,2,0.02,0.02%,v
雇员,2,0.02,0.02%,n
提前,2,0.02,0.02%,v
向,2,0.02,0.02%,p
用途,2,0.02,0.02%,n
大师赛,2,0.02,0.02%,nr
下调,2,0.02,0.02%,v
曼谷,2,0.02,0.02%,ns
号线,2,0.02,0.02%,n
直屏,2,0.02,0.02%,n
抓获,2,0.02,0.02%,v
纠结,2,0.02,0.02%,v
稀土,2,0.02,0.02%,n
p,2,0.02,0.02%,eng
眼睛,2,0.02,0.02%,n
看麻,2,0.02,0.02%,v
卖掉,2,0.02,0.02%,v
解锁,2,0.02,0.02%,v
同一个,2,0.02,0.02%,b
相机,2,0.02,0.02%,d
搬家,1,0.01,0.01%,v
达成协议,1,0.01,0.01%,nz
任务,1,0.01,0.01%,n
地产,1,0.01,0.01%,n
无害,1,0.01,0.01%,v
瑞典,1,0.01,0.01%,ns
乒协,1,0.01,0.01%,j
赞助,1,0.01,0.01%,v
瞄准,1,0.01,0.01%,v
爆,1,0.01,0.01%,v
保密,1,0.01,0.01%,n
主任,1,0.01,0.01%,b
疾控中心,1,0.01,0.01%,n
联想,1,0.01,0.01%,v
登月,1,0.01,0.01%,nz
打击,1,0.01,0.01%,v
载人,1,0.01,0.01%,n
笔记本,1,0.01,0.01%,n
缅,1,0.01,0.01%,v
春运,1,0.01,0.01%,n
堵,1,0.01,0.01%,v
新纪录,1,0.01,0.01%,n
切断,1,0.01,0.01%,v
廊桥,1,0.01,0.01%,ns
边境,1,0.01,0.01%,n
哥说,1,0.01,0.01%,n
书,1,0.01,0.01%,n
吉祥,1,0.01,0.01%,nr
签署,1,0.01,0.01%,v
其实,1,0.01,0.01%,d
逐步,1,0.01,0.01%,d
外媒称,1,0.01,0.01%,n
激活,1,0.01,0.01%,a
合同,1,0.01,0.01%,a
可疑,1,0.01,0.01%,v
电诈,1,0.01,0.01%,vn
见证,1,0.01,0.01%,v
活力,1,0.01,0.01%,n
入侵,1,0.01,0.01%,v
落定,1,0.01,0.01%,v
感觉,1,0.01,0.01%,n
美法,1,0.01,0.01%,n
舞,1,0.01,0.01%,v
手势,1,0.01,0.01%,n
膝盖,1,0.01,0.01%,n
kissshy,1,0.01,0.01%,eng
外交,1,0.01,0.01%,n
悲伤,1,0.01,0.01%,a
莫名,1,0.01,0.01%,v
时候,1,0.01,0.01%,n
网文,1,0.01,0.01%,n
幸福,1,0.01,0.01%,a
一般,1,0.01,0.01%,a
杀伤力,1,0.01,0.01%,n
很火,1,0.01,0.01%,a
明明,1,0.01,0.01%,t
动漫,1,0.01,0.01%,n
爆表,1,0.01,0.01%,v
拍来拍去,1,0.01,0.01%,i
气血,1,0.01,0.01%,n
不足,1,0.01,0.01%,a
后新职,1,0.01,0.01%,n
出去玩,1,0.01,0.01%,n
人畜,1,0.01,0.01%,n
大规模,1,0.01,0.01%,b
何时,1,0.01,0.01%,c
保修期,1,0.01,0.01%,n
降价,1,0.01,0.01%,n
获释,1,0.01,0.01%,v
资金,1,0.01,0.01%,n
原研药,1,0.01,0.01%,n
仿制,1,0.01,0.01%,v
拼搏,1,0.01,0.01%,v
不懈,1,0.01,0.01%,a
用于,1,0.01,0.01%,v
赞王楚,1,0.01,0.01%,n
研发,1,0.01,0.01%,j
F,1,0.01,0.01%,x
男士,1,0.01,0.01%,n
时装,1,0.01,0.01%,n
骂,1,0.01,0.01%,v
编队,1,0.01,0.01%,n
许凯,1,0.01,0.01%,nr
核电机组,1,0.01,0.01%,n
轨迹,1,0.01,0.01%,n
各界,1,0.01,0.01%,r
内耗,1,0.01,0.01%,n
改革,1,0.01,0.01%,vn
治好,1,0.01,0.01%,v
迷茫,1,0.01,0.01%,z
遇,1,0.01,0.01%,v
开工,1,0.01,0.01%,v
首台,1,0.01,0.01%,m
疑,1,0.01,0.01%,vg
意欲何为,1,0.01,0.01%,i
豆芽,1,0.01,0.01%,n
纳斯鲁拉,1,0.01,0.01%,nrt
空袭,1,0.01,0.01%,v
追,1,0.01,0.01%,v
由,1,0.01,0.01%,p
以军,1,0.01,0.01%,v
盟友,1,0.01,0.01%,n
数百万,1,0.01,0.01%,m
台湾,1,0.01,0.01%,ns
万人次,1,0.01,0.01%,m
买账,1,0.01,0.01%,v
参会,1,0.01,0.01%,v
猫,1,0.01,0.01%,n
绕行,1,0.01,0.01%,v
大会,1,0.01,0.01%,n
开展,1,0.01,0.01%,v
开放,1,0.01,0.01%,v
先锋,1,0.01,0.01%,n
开发者,1,0.01,0.01%,n
主流,1,0.01,0.01%,b
录音,1,0.01,0.01%,n
目的,1,0.01,0.01%,n
掏出,1,0.01,0.01%,v
怀里,1,0.01,0.01%,s
喜结连理,1,0.01,0.01%,i
教唆,1,0.01,0.01%,v
健康,1,0.01,0.01%,a
终,1,0.01,0.01%,d
犯罪,1,0.01,0.01%,vn
施压,1,0.01,0.01%,v
拔牙,1,0.01,0.01%,v
毕业生,1,0.01,0.01%,n
编,1,0.01,0.01%,v
决赛,1,0.01,0.01%,n
陆客,1,0.01,0.01%,nr
晋级,1,0.01,0.01%,nr
事业,1,0.01,0.01%,n
反思,1,0.01,0.01%,v
货币,1,0.01,0.01%,n
万人,1,0.01,0.01%,n
爆仓,1,0.01,0.01%,v
造成,1,0.01,0.01%,v
当局,1,0.01,0.01%,n
清退,1,0.01,0.01%,v
苦,1,0.01,0.01%,a
房地产,1,0.01,0.01%,j
续,1,0.01,0.01%,v
法国,1,0.01,0.01%,ns
退出,1,0.01,0.01%,v
刚回到,1,0.01,0.01%,i
坐地铁,1,0.01,0.01%,i
工厂,1,0.01,0.01%,n
尽快恢复,1,0.01,0.01%,l
自动,1,0.01,0.01%,vn
民意,1,0.01,0.01%,n
海军,1,0.01,0.01%,n
口腔科,1,0.01,0.01%,n
新职,1,0.01,0.01%,n
团队,1,0.01,0.01%,n
专门,1,0.01,0.01%,n
郑州市,1,0.01,0.01%,ns
研究,1,0.01,0.01%,vn
这个,1,0.01,0.01%,r
有何意义,1,0.01,0.01%,l
加密,1,0.01,0.01%,ns
顺应,1,0.01,0.01%,v
汝州,1,0.01,0.01%,ns
私立,1,0.01,0.01%,b
公立,1,0.01,0.01%,v
来自,1,0.01,0.01%,v
考上,1,0.01,0.01%,v
多莉,1,0.01,0.01%,nr
水上,1,0.01,0.01%,s
浪漫,1,0.01,0.01%,a
Autopilot,1,0.01,0.01%,eng
进展,1,0.01,0.01%,vn
fsd,1,0.01,0.01%,eng
发布公告,1,0.01,0.01%,n
全国人大常委会,1,0.01,0.01%,nt
展会,1,0.01,0.01%,v
参加,1,0.01,0.01%,v
多款,1,0.01,0.01%,m
三个,1,0.01,0.01%,m
携,1,0.01,0.01%,v
交易,1,0.01,0.01%,n
引入,1,0.01,0.01%,v
取得,1,0.01,0.01%,v
首战,1,0.01,0.01%,n
旧主,1,0.01,0.01%,n
气,1,0.01,0.01%,n
军士,1,0.01,0.01%,n
适应,1,0.01,0.01%,v
路况,1,0.01,0.01%,n
永久,1,0.01,0.01%,d
入职,1,0.01,0.01%,v
后会,1,0.01,0.01%,n
城市道路,1,0.01,0.01%,n
追捧,1,0.01,0.01%,v
航司,1,0.01,0.01%,n
三口,1,0.01,0.01%,m
补偿,1,0.01,0.01%,vn
旅客,1,0.01,0.01%,n
闭嘴,1,0.01,0.01%,v
发财,1,0.01,0.01%,v
率达,1,0.01,0.01%,n
卫生间,1,0.01,0.01%,n
通知书,1,0.01,0.01%,nr
传说,1,0.01,0.01%,n
巴士,1,0.01,0.01%,ns
翻车,1,0.01,0.01%,v
停播,1,0.01,0.01%,v
原来,1,0.01,0.01%,d
比桑延,1,0.01,0.01%,n
那么,1,0.01,0.01%,r
双标,1,0.01,0.01%,n
东契奇,1,0.01,0.01%,nr
受害者,1,0.01,0.01%,n
爆料,1,0.01,0.01%,n
人失联,1,0.01,0.01%,n
大恩,1,0.01,0.01%,nr
销售,1,0.01,0.01%,vn
撤回,1,0.01,0.01%,v
运,1,0.01,0.01%,n
普货,1,0.01,0.01%,n
交往,1,0.01,0.01%,v
将会,1,0.01,0.01%,n
变成,1,0.01,0.01%,v
击败,1,0.01,0.01%,v
中学,1,0.01,0.01%,n
仍,1,0.01,0.01%,d
事人,1,0.01,0.01%,n
当话,1,0.01,0.01%,n
势力,1,0.01,0.01%,n
逻辑,1,0.01,0.01%,n
邓伯,1,0.01,0.01%,nr
黑社会,1,0.01,0.01%,nt
根据,1,0.01,0.01%,p
体验,1,0.01,0.01%,n
保证,1,0.01,0.01%,v
撒,1,0.01,0.01%,v
贝宁,1,0.01,0.01%,nr
王鸥,1,0.01,0.01%,nr
智驾,1,0.01,0.01%,nr
好意,1,0.01,0.01%,v
幼稚,1,0.01,0.01%,a
必须,1,0.01,0.01%,d
到来,1,0.01,0.01%,d
机构,1,0.01,0.01%,n
同等,1,0.01,0.01%,b
MCN,1,0.01,0.01%,eng
违法,1,0.01,0.01%,vn
一份,1,0.01,0.01%,m
备考,1,0.01,0.01%,v
处置,1,0.01,0.01%,v
给予,1,0.01,0.01%,v
加大力度,1,0.01,0.01%,ns
手链,1,0.01,0.01%,n
侦,1,0.01,0.01%,v
明,1,0.01,0.01%,a
议案,1,0.01,0.01%,n
选举,1,0.01,0.01%,v
战时,1,0.01,0.01%,t
肉身,1,0.01,0.01%,n
抱住,1,0.01,0.01%,v
川菜,1,0.01,0.01%,n
国家药监局,1,0.01,0.01%,nt
称乌,1,0.01,0.01%,n
报告,1,0.01,0.01%,n
撞,1,0.01,0.01%,v
副局长,1,0.01,0.01%,n
拦车,1,0.01,0.01%,v
陈时,1,0.01,0.01%,n
下来,1,0.01,0.01%,t
多次,1,0.01,0.01%,m
急切,1,0.01,0.01%,a
飞,1,0.01,0.01%,n
查,1,0.01,0.01%,v
致歉,1,0.01,0.01%,v
中间,1,0.01,0.01%,f
马路,1,0.01,0.01%,n
开出,1,0.01,0.01%,v
如此,1,0.01,0.01%,c
已归,1,0.01,0.01%,n
数第一,1,0.01,0.01%,m
硬核,1,0.01,0.01%,n
马来西亚,1,0.01,0.01%,ns
软件,1,0.01,0.01%,n
交通事故,1,0.01,0.01%,n
批次,1,0.01,0.01%,d
龙旋风,1,0.01,0.01%,nr
客户,1,0.01,0.01%,n
安,1,0.01,0.01%,v
委办,1,0.01,0.01%,v
免去,1,0.01,0.01%,v
职务,1,0.01,0.01%,n
娶,1,0.01,0.01%,v
美欧,1,0.01,0.01%,ns
两极,1,0.01,0.01%,n
引,1,0.01,0.01%,v
歼,1,0.01,0.01%,v
大团圆,1,0.01,0.01%,n
受害,1,0.01,0.01%,v
信步,1,0.01,0.01%,n
暴露出,1,0.01,0.01%,i
禁止,1,0.01,0.01%,v
一家,1,0.01,0.01%,m
不端,1,0.01,0.01%,n
做到,1,0.01,0.01%,v
构成,1,0.01,0.01%,v
王灿,1,0.01,0.01%,nr
小小年纪,1,0.01,0.01%,n
流动站,1,0.01,0.01%,n
传播学,1,0.01,0.01%,n
一把,1,0.01,0.01%,m
林黛玉,1,0.01,0.01%,nr
欧美,1,0.01,0.01%,ns
难过,1,0.01,0.01%,v
失败,1,0.01,0.01%,v
年纪,1,0.01,0.01%,t
减肥,1,0.01,0.01%,v
谈判桌,1,0.01,0.01%,n
重返,1,0.01,0.01%,v
欢迎,1,0.01,0.01%,v
议会,1,0.01,0.01%,n
按规定,1,0.01,0.01%,l
作出,1,0.01,0.01%,v
退站,1,0.01,0.01%,n
女主,1,0.01,0.01%,n
力挺,1,0.01,0.01%,n
电话,1,0.01,0.01%,n
半小时,1,0.01,0.01%,b
联邦,1,0.01,0.01%,n
交,1,0.01,0.01%,v
分歧,1,0.01,0.01%,n
梦到,1,0.01,0.01%,n
首次,1,0.01,0.01%,m
徐海东,1,0.01,0.01%,nr
客机,1,0.01,0.01%,n
降落,1,0.01,0.01%,v
另,1,0.01,0.01%,r
飞机,1,0.01,0.01%,n
船只,1,0.01,0.01%,n
一集,1,0.01,0.01%,m
阻挡,1,0.01,0.01%,v
电视剧,1,0.01,0.01%,n
大哭,1,0.01,0.01%,v
被迫,1,0.01,0.01%,d
售后,1,0.01,0.01%,n
翘,1,0.01,0.01%,n
教,1,0.01,0.01%,v
想到,1,0.01,0.01%,v
道菜,1,0.01,0.01%,n
人烧,1,0.01,0.01%,n
秸秆,1,0.01,0.01%,n
会换,1,0.01,0.01%,v
桑延,1,0.01,0.01%,nr
钓成,1,0.01,0.01%,v
景甜,1,0.01,0.01%,nr
背诗,1,0.01,0.01%,n
张晚,1,0.01,0.01%,n
意,1,0.01,0.01%,ns
主演,1,0.01,0.01%,n
似锦,1,0.01,0.01%,l
首播,1,0.01,0.01%,vn
入华来,1,0.01,0.01%,ns
斥资,1,0.01,0.01%,v
一瞬间,1,0.01,0.01%,m
姐姐,1,0.01,0.01%,n
旁边,1,0.01,0.01%,f
大厨,1,0.01,0.01%,nz
经济舱,1,0.01,0.01%,n
业内,1,0.01,0.01%,f
在于,1,0.01,0.01%,v
西班牙,1,0.01,0.01%,ns
制造商,1,0.01,0.01%,n
双层,1,0.01,0.01%,n
制式,1,0.01,0.01%,n
生还,1,0.01,0.01%,v
奇迹,1,0.01,0.01%,n
概念,1,0.01,0.01%,n
背下来,1,0.01,0.01%,f
糯米,1,0.01,0.01%,n
开局,1,0.01,0.01%,n
纯恨,1,0.01,0.01%,n
捣腾,1,0.01,0.01%,v
剧组,1,0.01,0.01%,n
意想不到,1,0.01,0.01%,l
花样,1,0.01,0.01%,n
分手,1,0.01,0.01%,v
内心,1,0.01,0.01%,n
感触,1,0.01,0.01%,v
撑住,1,0.01,0.01%,v
自费,1,0.01,0.01%,vn
少年,1,0.01,0.01%,m
开售,1,0.01,0.01%,v
十足,1,0.01,0.01%,d
创,1,0.01,0.01%,n
项,1,0.01,0.01%,n
世界纪录,1,0.01,0.01%,nz
一博主去,1,0.01,0.01%,n
劳务市场,1,0.01,0.01%,n
喜感,1,0.01,0.01%,n
抢救,1,0.01,0.01%,v
逗,1,0.01,0.01%,v
反倒,1,0.01,0.01%,v
花钱,1,0.01,0.01%,n
不落,1,0.01,0.01%,n
激化,1,0.01,0.01%,v
啥意思,1,0.01,0.01%,n
打鼓,1,0.01,0.01%,v
耽误,1,0.01,0.01%,v
移民,1,0.01,0.01%,n
金卡,1,0.01,0.01%,nr
回复,1,0.01,0.01%,v
大秀,1,0.01,0.01%,nr
境外,1,0.01,0.01%,s
遭遇,1,0.01,0.01%,n
答应,1,0.01,0.01%,v
带娃,1,0.01,0.01%,n
婆婆,1,0.01,0.01%,n
离异,1,0.01,0.01%,v
车祸,1,0.01,0.01%,n
需,1,0.01,0.01%,v
回国,1,0.01,0.01%,ns
急救,1,0.01,0.01%,v
民警,1,0.01,0.01%,n
收归国有,1,0.01,0.01%,i
紧急,1,0.01,0.01%,a
万分,1,0.01,0.01%,m
文淇,1,0.01,0.01%,nr
去世,1,0.01,0.01%,t
Gucci,1,0.01,0.01%,eng
获批,1,0.01,0.01%,v
首个,1,0.01,0.01%,m
燃油,1,0.01,0.01%,n
红色,1,0.01,0.01%,n
踢馆,1,0.01,0.01%,n
大学生,1,0.01,0.01%,n
道,1,0.01,0.01%,q
拔河赛,1,0.01,0.01%,n
天津,1,0.01,0.01%,ns
学院,1,0.01,0.01%,n
崩,1,0.01,0.01%,v
肖战酒,1,0.01,0.01%,n
套装,1,0.01,0.01%,n
大使,1,0.01,0.01%,n
王俊凯,1,0.01,0.01%,nr
那期,1,0.01,0.01%,r
放母,1,0.01,0.01%,n
青蛇,1,0.01,0.01%,n
许仙,1,0.01,0.01%,nr
cos,1,0.01,0.01%,eng
出场,1,0.01,0.01%,n
短时间,1,0.01,0.01%,n
绝对,1,0.01,0.01%,d
音感,1,0.01,0.01%,n
型,1,0.01,0.01%,k
一网,1,0.01,0.01%,n
角度,1,0.01,0.01%,n
没孩,1,0.01,0.01%,n
溺亡,1,0.01,0.01%,v
永定河,1,0.01,0.01%,ns
运动,1,0.01,0.01%,vn
红,1,0.01,0.01%,a
见面,1,0.01,0.01%,n
欣赏,1,0.01,0.01%,v
人则,1,0.01,0.01%,n
品牌,1,0.01,0.01%,n
痛风,1,0.01,0.01%,n
令人讨厌,1,0.01,0.01%,i
严重,1,0.01,0.01%,a
饮料,1,0.01,0.01%,n
舒服,1,0.01,0.01%,a
喝,1,0.01,0.01%,vg
长期,1,0.01,0.01%,d
拥抱,1,0.01,0.01%,v
归入,1,0.01,0.01%,v
最具,1,0.01,0.01%,n
编剧,1,0.01,0.01%,n
齐家,1,0.01,0.01%,nrfg
董事,1,0.01,0.01%,n
开支,1,0.01,0.01%,v
潜在,1,0.01,0.01%,t
消减,1,0.01,0.01%,v
浮出,1,0.01,0.01%,v
克利夫,1,0.01,0.01%,nr
拉特,1,0.01,0.01%,nrt
中组部,1,0.01,0.01%,nt
滨,1,0.01,0.01%,ns
称会,1,0.01,0.01%,v
兼任,1,0.01,0.01%,v
局局长,1,0.01,0.01%,n
VS,1,0.01,0.01%,eng
接替,1,0.01,0.01%,v
徐启方,1,0.01,0.01%,nr
翻墙,1,0.01,0.01%,n
走,1,0.01,0.01%,v
现,1,0.01,0.01%,t
此举,1,0.01,0.01%,r
格力电器,1,0.01,0.01%,nz
俱乐部,1,0.01,0.01%,n
复兴,1,0.01,0.01%,a
曹,1,0.01,0.01%,nr
方,1,0.01,0.01%,n
斐然,1,0.01,0.01%,z
出品,1,0.01,0.01%,n
滤镜,1,0.01,0.01%,nz
乱七八糟,1,0.01,0.01%,i
书籍,1,0.01,0.01%,n
成名,1,0.01,0.01%,v
有望,1,0.01,0.01%,v
射雕,1,0.01,0.01%,n
翻拍,1,0.01,0.01%,v
李靖,1,0.01,0.01%,nr
炼化,1,0.01,0.01%,vn
三年,1,0.01,0.01%,m
获,1,0.01,0.01%,v
仙翁,1,0.01,0.01%,n
无量,1,0.01,0.01%,n
担忧,1,0.01,0.01%,v
闯入,1,0.01,0.01%,v
放学,1,0.01,0.01%,n
装,1,0.01,0.01%,v
最会,1,0.01,0.01%,n
坐,1,0.01,0.01%,v
桌角,1,0.01,0.01%,n
律师,1,0.01,0.01%,n
大片,1,0.01,0.01%,n
出发,1,0.01,0.01%,v
看秀,1,0.01,0.01%,n
亿元,1,0.01,0.01%,m
新郎,1,0.01,0.01%,n
搭,1,0.01,0.01%,v
转运,1,0.01,0.01%,v
生财,1,0.01,0.01%,v
盛装,1,0.01,0.01%,v
出席,1,0.01,0.01%,v
钉子,1,0.01,0.01%,n
儿子,1,0.01,0.01%,n
编程,1,0.01,0.01%,n
榛树,1,0.01,0.01%,n
穿,1,0.01,0.01%,v
视频会议,1,0.01,0.01%,n
指认,1,0.01,0.01%,v
卡车,1,0.01,0.01%,n
那里,1,0.01,0.01%,r
抢走了,1,0.01,0.01%,l
俞敏洪,1,0.01,0.01%,nr
密集,1,0.01,0.01%,n
项目,1,0.01,0.01%,n
张文中,1,0.01,0.01%,nr
有人,1,0.01,0.01%,r
List,1,0.01,0.01%,eng
低空,1,0.01,0.01%,n
现偶,1,0.01,0.01%,n
焚箱,1,0.01,0.01%,n
龙骨,1,0.01,0.01%,n
原班人马,1,0.01,0.01%,ns
司藤,1,0.01,0.01%,nr
人为,1,0.01,0.01%,n
回忆,1,0.01,0.01%,v
记者,1,0.01,0.01%,n
男主,1,0.01,0.01%,n
界之耻,1,0.01,0.01%,n
确定,1,0.01,0.01%,v
导弹,1,0.01,0.01%,n
擅长,1,0.01,0.01%,v
默认,1,0.01,0.01%,v
小男孩,1,0.01,0.01%,n
大众,1,0.01,0.01%,n
游戏王,1,0.01,0.01%,n
深夜,1,0.01,0.01%,t
规划,1,0.01,0.01%,n
以此,1,0.01,0.01%,c
事,1,0.01,0.01%,n
热爱,1,0.01,0.01%,a
总,1,0.01,0.01%,b
思考,1,0.01,0.01%,v
人该,1,0.01,0.01%,n
自身,1,0.01,0.01%,r
黑暗,1,0.01,0.01%,z
合理,1,0.01,0.01%,vn
商家,1,0.01,0.01%,n
维修,1,0.01,0.01%,v
尸体,1,0.01,0.01%,n
实际上,1,0.01,0.01%,d
根本,1,0.01,0.01%,a
可带,1,0.01,0.01%,n
田野,1,0.01,0.01%,nr
卧床,1,0.01,0.01%,n
姿势,1,0.01,0.01%,n
单价,1,0.01,0.01%,n
高位,1,0.01,0.01%,n
臀,1,0.01,0.01%,n
保胎,1,0.01,0.01%,n
或超,1,0.01,0.01%,n
潜水,1,0.01,0.01%,n
王,1,0.01,0.01%,nr
广西,1,0.01,0.01%,ns
德顺,1,0.01,0.01%,ns
邀,1,0.01,0.01%,v
演活,1,0.01,0.01%,vn
雕塑,1,0.01,0.01%,n
各自,1,0.01,0.01%,r
军费,1,0.01,0.01%,n
减半,1,0.01,0.01%,v
走下坡,1,0.01,0.01%,n
演习,1,0.01,0.01%,v
拖累,1,0.01,0.01%,v
最新进展,1,0.01,0.01%,nt
早于,1,0.01,0.01%,d
五月,1,0.01,0.01%,t
进入,1,0.01,0.01%,v
饺子,1,0.01,0.01%,n
其他,1,0.01,0.01%,r
二本,1,0.01,0.01%,ns
部位,1,0.01,0.01%,n
技术性,1,0.01,0.01%,n
合计,1,0.01,0.01%,vn
舌头,1,0.01,0.01%,n
下半年,1,0.01,0.01%,t
万亿美元,1,0.01,0.01%,m
最惨,1,0.01,0.01%,a
周二,1,0.01,0.01%,t
美众议院,1,0.01,0.01%,nt
审查,1,0.01,0.01%,vn
美联储,1,0.01,0.01%,j
加息,1,0.01,0.01%,v
不吃,1,0.01,0.01%,v
灰鲸,1,0.01,0.01%,n
海域,1,0.01,0.01%,n
私有化,1,0.01,0.01%,n
跳水,1,0.01,0.01%,v
财长,1,0.01,0.01%,n
贝森特,1,0.01,0.01%,nr
携手,1,0.01,0.01%,v
年期,1,0.01,0.01%,t
收益率,1,0.01,0.01%,n
自然而然,1,0.01,0.01%,i
市场份额,1,0.01,0.01%,n
有三大,1,0.01,0.01%,n
虎鲸,1,0.01,0.01%,n
目标,1,0.01,0.01%,n
报道,1,0.01,0.01%,v
R,1,0.01,0.01%,x
增至,1,0.01,0.01%,v
苦战,1,0.01,0.01%,v
逆袭,1,0.01,0.01%,v
情侣,1,0.01,0.01%,n
何在,1,0.01,0.01%,d
决策,1,0.01,0.01%,n
评估,1,0.01,0.01%,vn
通胀,1,0.01,0.01%,j
有多美,1,0.01,0.01%,n
张婧仪,1,0.01,0.01%,nr
汤唯,1,0.01,0.01%,nr
仙台,1,0.01,0.01%,n
有树,1,0.01,0.01%,n
四六级,1,0.01,0.01%,m
怎么样,1,0.01,0.01%,r
最近,1,0.01,0.01%,f
双强,1,0.01,0.01%,n
长江,1,0.01,0.01%,ns
应当,1,0.01,0.01%,v
古诗词,1,0.01,0.01%,nr
国乒,1,0.01,0.01%,nt
总结,1,0.01,0.01%,n
夫妇,1,0.01,0.01%,n
谈中,1,0.01,0.01%,n
舰队,1,0.01,0.01%,n
澳,1,0.01,0.01%,ns
附近,1,0.01,0.01%,f
时装周,1,0.01,0.01%,n
杨,1,0.01,0.01%,nr
考试成绩,1,0.01,0.01%,n
肸,1,0.01,0.01%,zg
红房子,1,0.01,0.01%,n
英语四,1,0.01,0.01%,nr
子,1,0.01,0.01%,ng
开发,1,0.01,0.01%,v
中央,1,0.01,0.01%,n
督察,1,0.01,0.01%,v
干部,1,0.01,0.01%,n
许昌,1,0.01,0.01%,nr
两地,1,0.01,0.01%,n
镇系,1,0.01,0.01%,n
听,1,0.01,0.01%,v
油门,1,0.01,0.01%,n
初恋,1,0.01,0.01%,v
金硕珍,1,0.01,0.01%,nr
马群,1,0.01,0.01%,nr
六级,1,0.01,0.01%,m
耀,1,0.01,0.01%,nz
课桌,1,0.01,0.01%,n
网传博主,1,0.01,0.01%,n
一对,1,0.01,0.01%,m
不撞,1,0.01,0.01%,n
新手机,1,0.01,0.01%,nz
学上,1,0.01,0.01%,n
线出,1,0.01,0.01%,n
靠山,1,0.01,0.01%,n
写,1,0.01,0.01%,v
逃不过,1,0.01,0.01%,v
美国联邦,1,0.01,0.01%,nt
DRX,1,0.01,0.01%,eng
零封,1,0.01,0.01%,n
惨遭,1,0.01,0.01%,v
TES,1,0.01,0.01%,eng
不敌,1,0.01,0.01%,v
NIP,1,0.01,0.01%,eng
地球,1,0.01,0.01%,n
爽约,1,0.01,0.01%,a
折叠,1,0.01,0.01%,v
小行星,1,0.01,0.01%,n
彩礼,1,0.01,0.01%,n
高额,1,0.01,0.01%,n
治理,1,0.01,0.01%,v
姒,1,0.01,0.01%,g
褒,1,0.01,0.01%,v
两日,1,0.01,0.01%,m
解限机,1,0.01,0.01%,n
开刀,1,0.01,0.01%,v
拿,1,0.01,0.01%,v
不好,1,0.01,0.01%,d
对峙,1,0.01,0.01%,v
俄方,1,0.01,0.01%,n
退成,1,0.01,0.01%,v
对标,1,0.01,0.01%,n
平板,1,0.01,0.01%,n
当自研,1,0.01,0.01%,n
三部曲,1,0.01,0.01%,m
队长,1,0.01,0.01%,n
锐评,1,0.01,0.01%,n
秀夫,1,0.01,0.01%,n
小岛,1,0.01,0.01%,n
狠,1,0.01,0.01%,n
压分,1,0.01,0.01%,n
英语,1,0.01,0.01%,nz
上岸,1,0.01,0.01%,f
已出,1,0.01,0.01%,n
美队,1,0.01,0.01%,n
反超,1,0.01,0.01%,v
排片,1,0.01,0.01%,n
海外,1,0.01,0.01%,s
最佳,1,0.01,0.01%,z
男明星,1,0.01,0.01%,n
BLG,1,0.01,0.01%,eng
硬刚,1,0.01,0.01%,d
玩家,1,0.01,0.01%,n
捂,1,0.01,0.01%,v
社,1,0.01,0.01%,n
P,1,0.01,0.01%,eng
斗,1,0.01,0.01%,vn
激烈,1,0.01,0.01%,a
鬼,1,0.01,0.01%,n
脏脏,1,0.01,0.01%,n
竟是,1,0.01,0.01%,d
室友,1,0.01,0.01%,n
合租,1,0.01,0.01%,n
完成,1,0.01,0.01%,v
TT,1,0.01,0.01%,eng
逼,1,0.01,0.01%,v
供应链,1,0.01,0.01%,n
意义,1,0.01,0.01%,n
隔空,1,0.01,0.01%,s
辩论,1,0.01,0.01%,n
庭审,1,0.01,0.01%,n
直击,1,0.01,0.01%,v
撩,1,0.01,0.01%,v
反,1,0.01,0.01%,n
滑,1,0.01,0.01%,n
桑延丝,1,0.01,0.01%,nr
原判,1,0.01,0.01%,n
维持,1,0.01,0.01%,v
二审,1,0.01,0.01%,b
辉,1,0.01,0.01%,nr
白天,1,0.01,0.01%,t
巨贪,1,0.01,0.01%,n
盗刷系,1,0.01,0.01%,n
暧昧,1,0.01,0.01%,a
下跪,1,0.01,0.01%,v
冷战,1,0.01,0.01%,v
桑延温,1,0.01,0.01%,nr
演示,1,0.01,0.01%,v
夏实机,1,0.01,0.01%,n
那刻,1,0.01,0.01%,r
再遇,1,0.01,0.01%,n
抽签,1,0.01,0.01%,v
破灭,1,0.01,0.01%,v
泡沫,1,0.01,0.01%,n
饼干,1,0.01,0.01%,n
切片,1,0.01,0.01%,n
做成,1,0.01,0.01%,v
旅行,1,0.01,0.01%,vn
公路,1,0.01,0.01%,n
何老六,1,0.01,0.01%,nr
求,1,0.01,0.01%,v
暗讽,1,0.01,0.01%,v
见,1,0.01,0.01%,v
胜算,1,0.01,0.01%,vn
再战,1,0.01,0.01%,v
值钱,1,0.01,0.01%,v
宅基地,1,0.01,0.01%,n
爆炸,1,0.01,0.01%,v
强度,1,0.01,0.01%,n
技能,1,0.01,0.01%,n
遐蝶,1,0.01,0.01%,n
已婚,1,0.01,0.01%,v
故事,1,0.01,0.01%,n
难以启齿,1,0.01,0.01%,i
解不开,1,0.01,0.01%,v
告白,1,0.01,0.01%,v
友,1,0.01,0.01%,n
老式,1,0.01,0.01%,n
原谅,1,0.01,0.01%,nr
打球,1,0.01,0.01%,v
坐轮椅,1,0.01,0.01%,n
韬,1,0.01,0.01%,n
黄子,1,0.01,0.01%,n
感动,1,0.01,0.01%,v
剪,1,0.01,0.01%,v
徐艺洋,1,0.01,0.01%,nr
保送,1,0.01,0.01%,v
全红婵拟,1,0.01,0.01%,n
暨南大学,1,0.01,0.01%,nt
中文歌曲,1,0.01,0.01%,ns
献唱,1,0.01,0.01%,v
柬埔寨,1,0.01,0.01%,ns
会晤,1,0.01,0.01%,v
宝妈,1,0.01,0.01%,nr
年成,1,0.01,0.01%,n
超模,1,0.01,0.01%,b
字幕,1,0.01,0.01%,n
逃离,1,0.01,0.01%,v
难民,1,0.01,0.01%,n
生育率,1,0.01,0.01%,n
率,1,0.01,0.01%,v
婚龄,1,0.01,0.01%,n
降低,1,0.01,0.01%,v
意长,1,0.01,0.01%,n
言短,1,0.01,0.01%,n
政务,1,0.01,0.01%,n
多地,1,0.01,0.01%,n
再见,1,0.01,0.01%,v
语言,1,0.01,0.01%,n
旧,1,0.01,0.01%,a
翻译,1,0.01,0.01%,v
一群,1,0.01,0.01%,m
三周年,1,0.01,0.01%,m
援助,1,0.01,0.01%,vn
国,1,0.01,0.01%,n
支持,1,0.01,0.01%,v
教育部,1,0.01,0.01%,n
出任,1,0.01,0.01%,v
杜江峰,1,0.01,0.01%,nr
校长,1,0.01,0.01%,n
浙江大学,1,0.01,0.01%,nt
祝贺,1,0.01,0.01%,nr
来电,1,0.01,0.01%,v
接到,1,0.01,0.01%,v
成效显著,1,0.01,0.01%,n
产量,1,0.01,0.01%,n
保障,1,0.01,0.01%,v
生存,1,0.01,0.01%,v
谈判桌上,1,0.01,0.01%,n
身材,1,0.01,0.01%,n
抢劫罪,1,0.01,0.01%,l
路,1,0.01,0.01%,n
上市,1,0.01,0.01%,ns
万达,1,0.01,0.01%,nz
王健林,1,0.01,0.01%,nr
骑士,1,0.01,0.01%,n
白衣,1,0.01,0.01%,n
迎来,1,0.01,0.01%,v
出售,1,0.01,0.01%,vn
换帅,1,0.01,0.01%,nz
频繁,1,0.01,0.01%,a
刹车,1,0.01,0.01%,n
杜塞尔多夫,1,0.01,0.01%,nrt
斯图加特,1,0.01,0.01%,nrt
特写,1,0.01,0.01%,n
两度,1,0.01,0.01%,m
秩序,1,0.01,0.01%,n
主犯,1,0.01,0.01%,n
死者家属,1,0.01,0.01%,l
开庭,1,0.01,0.01%,n
遇害案,1,0.01,0.01%,n
罗大美,1,0.01,0.01%,nr
主播,1,0.01,0.01%,vn
诊疗,1,0.01,0.01%,v
线下,1,0.01,0.01%,n
谱,1,0.01,0.01%,v
靠,1,0.01,0.01%,v
问诊,1,0.01,0.01%,v
持续,1,0.01,0.01%,vd
不可,1,0.01,0.01%,v
和平,1,0.01,0.01%,nz
建设,1,0.01,0.01%,vn
高标准,1,0.01,0.01%,n
生离死别,1,0.01,0.01%,n
评论员,1,0.01,0.01%,n
北,1,0.01,0.01%,ns
森林,1,0.01,0.01%,n
写作,1,0.01,0.01%,v
替代,1,0.01,0.01%,n
深度,1,0.01,0.01%,ns
平均寿命,1,0.01,0.01%,n
男性,1,0.01,0.01%,n
新一轮,1,0.01,0.01%,nz
产房,1,0.01,0.01%,n
豪华,1,0.01,0.01%,a
预定,1,0.01,0.01%,v
曝为,1,0.01,0.01%,v
寂寞,1,0.01,0.01%,a
赢,1,0.01,0.01%,v
失望,1,0.01,0.01%,v
上学,1,0.01,0.01%,n
有点,1,0.01,0.01%,n
惊呼,1,0.01,0.01%,v
美媒,1,0.01,0.01%,n
反对票,1,0.01,0.01%,n
一同,1,0.01,0.01%,d
履新,1,0.01,0.01%,v
尊界,1,0.01,0.01%,n
多于,1,0.01,0.01%,d
储量,1,0.01,0.01%,n
一名,1,0.01,0.01%,m
得到,1,0.01,0.01%,v
中方,1,0.01,0.01%,f
信心,1,0.01,0.01%,n
超市,1,0.01,0.01%,v
共同,1,0.01,0.01%,d
成立,1,0.01,0.01%,v
摩,1,0.01,0.01%,n
师傅,1,0.01,0.01%,nr
送娃,1,0.01,0.01%,n
土地,1,0.01,0.01%,n
挤出,1,0.01,0.01%,v
农民,1,0.01,0.01%,n
硬,1,0.01,0.01%,a
指标,1,0.01,0.01%,n
打赏,1,0.01,0.01%,v
交友,1,0.01,0.01%,n
沉迷,1,0.01,0.01%,v
骨伤,1,0.01,0.01%,n
中医,1,0.01,0.01%,j
头上,1,0.01,0.01%,s
扎车,1,0.01,0.01%,n
剪刀,1,0.01,0.01%,n
遇天降,1,0.01,0.01%,v
驾车,1,0.01,0.01%,n
孤儿院,1,0.01,0.01%,l
男孩,1,0.01,0.01%,n
做饭,1,0.01,0.01%,v
露馅,1,0.01,0.01%,v
婚后,1,0.01,0.01%,t
效应,1,0.01,0.01%,n
集群,1,0.01,0.01%,n
形成,1,0.01,0.01%,v
人形,1,0.01,0.01%,n
输过,1,0.01,0.01%,v
正常,1,0.01,0.01%,d
输球,1,0.01,0.01%,n
默契,1,0.01,0.01%,nrt
春天,1,0.01,0.01%,t
青蛙,1,0.01,0.01%,n
邱贻可,1,0.01,0.01%,nr
点名,1,0.01,0.01%,v
深地,1,0.01,0.01%,j
探索,1,0.01,0.01%,v
多去,1,0.01,0.01%,n
付出,1,0.01,0.01%,v
石油,1,0.01,0.01%,n
钻,1,0.01,0.01%,v
完钻,1,0.01,0.01%,a
深井,1,0.01,0.01%,ns
万米,1,0.01,0.01%,m
首口,1,0.01,0.01%,m
竞争,1,0.01,0.01%,vn
优腾,1,0.01,0.01%,v
支配,1,0.01,0.01%,vn
滥用,1,0.01,0.01%,v
龚宇,1,0.01,0.01%,nr
狮子,1,0.01,0.01%,n
爱奇艺,1,0.01,0.01%,nr
叛变,1,0.01,0.01%,v
龙王,1,0.01,0.01%,nr
这一,1,0.01,0.01%,n
相关,1,0.01,0.01%,v
技术,1,0.01,0.01%,n
岗位,1,0.01,0.01%,n
会变,1,0.01,0.01%,n
工资,1,0.01,0.01%,vn
十年,1,0.01,0.01%,m
风,1,0.01,0.01%,n
减负,1,0.01,0.01%,v
双休,1,0.01,0.01%,nr
高中,1,0.01,0.01%,s
引进,1,0.01,0.01%,v
老虎,1,0.01,0.01%,nr
待见,1,0.01,0.01%,v
形态,1,0.01,0.01%,n
电脑,1,0.01,0.01%,n
尊严,1,0.01,0.01%,a
海水,1,0.01,0.01%,n
吞噬,1,0.01,0.01%,v
海沟,1,0.01,0.01%,ns
马里亚纳,1,0.01,0.01%,nrt
常常,1,0.01,0.01%,d
离职,1,0.01,0.01%,v
提,1,0.01,0.01%,v
下属,1,0.01,0.01%,v
世界足球,1,0.01,0.01%,n
U,1,0.01,0.01%,x
游,1,0.01,0.01%,v
米哈,1,0.01,0.01%,nrt
Space,1,0.01,0.01%,eng
充当,1,0.01,0.01%,a
石头,1,0.01,0.01%,n
家用,1,0.01,0.01%,n
机械手,1,0.01,0.01%,n
仿生,1,0.01,0.01%,v
搞,1,0.01,0.01%,v
回头,1,0.01,0.01%,v
先,1,0.01,0.01%,d
为啥,1,0.01,0.01%,r
同步,1,0.01,0.01%,d
歧视,1,0.01,0.01%,v
生态,1,0.01,0.01%,n
食者,1,0.01,0.01%,n
掠,1,0.01,0.01%,v
顶级,1,0.01,0.01%,n
刮起,1,0.01,0.01%,v
各地,1,0.01,0.01%,r
食物,1,0.01,0.01%,n
影史,1,0.01,0.01%,n
符合,1,0.01,0.01%,v
师范大学,1,0.01,0.01%,n
湖北,1,0.01,0.01%,ns
初中,1,0.01,0.01%,f
配偶,1,0.01,0.01%,v
娇生惯养,1,0.01,0.01%,v
资料,1,0.01,0.01%,n
询问,1,0.01,0.01%,v
聊天记录,1,0.01,0.01%,nz
教授,1,0.01,0.01%,n
湖南师范大学,1,0.01,0.01%,nt
达到,1,0.01,0.01%,v
预计,1,0.01,0.01%,vn
第八名,1,0.01,0.01%,m
登顶,1,0.01,0.01%,n
看起来,1,0.01,0.01%,v
即,1,0.01,0.01%,v
首日,1,0.01,0.01%,t
上映,1,0.01,0.01%,v
港澳,1,0.01,0.01%,j
何时能,1,0.01,0.01%,nr
迅速,1,0.01,0.01%,ad
养该,1,0.01,0.01%,v
合法,1,0.01,0.01%,n
饲养,1,0.01,0.01%,v
疾控称,1,0.01,0.01%,n
旱獭,1,0.01,0.01%,n
喜马拉雅,1,0.01,0.01%,ns
疑为,1,0.01,0.01%,v
土拨鼠,1,0.01,0.01%,n
政策,1,0.01,0.01%,n
属,1,0.01,0.01%,v
劳务,1,0.01,0.01%,vn
派遣,1,0.01,0.01%,v
有多强,1,0.01,0.01%,nr
可再生,1,0.01,0.01%,l
痛感,1,0.01,0.01%,a
腕,1,0.01,0.01%,ng
中烤,1,0.01,0.01%,ns
岩浆,1,0.01,0.01%,n
大将军,1,0.01,0.01%,nr
趋势,1,0.01,0.01%,n
内地,1,0.01,0.01%,n
养老,1,0.01,0.01%,nr
买房,1,0.01,0.01%,n
中山,1,0.01,0.01%,ns
珠海,1,0.01,0.01%,ns
走向,1,0.01,0.01%,v
关键,1,0.01,0.01%,n
谈判,1,0.01,0.01%,vn
倡议,1,0.01,0.01%,n
出于,1,0.01,0.01%,v
节省,1,0.01,0.01%,n
午餐,1,0.01,0.01%,n
食堂,1,0.01,0.01%,n
豪门,1,0.01,0.01%,n
老牌,1,0.01,0.01%,n
变化,1,0.01,0.01%,vn
这些,1,0.01,0.01%,r
砍,1,0.01,0.01%,v
Plus,1,0.01,0.01%,eng
设计图,1,0.01,0.01%,n
全系,1,0.01,0.01%,n
职场,1,0.01,0.01%,n
一整块,1,0.01,0.01%,m
偷师,1,0.01,0.01%,v
失利,1,0.01,0.01%,vn
坚持,1,0.01,0.01%,v
数据中心,1,0.01,0.01%,n
撤掉,1,0.01,0.01%,v
微软,1,0.01,0.01%,a
指引,1,0.01,0.01%,v
业绩,1,0.01,0.01%,n
伟达,1,0.01,0.01%,a
英,1,0.01,0.01%,j
担心,1,0.01,0.01%,v
大摩,1,0.01,0.01%,nr
财报,1,0.01,0.01%,n
重要,1,0.01,0.01%,a
宇宙,1,0.01,0.01%,n
四日,1,0.01,0.01%,t
标普,1,0.01,0.01%,n
支出,1,0.01,0.01%,v
缓和,1,0.01,0.01%,a
跌势,1,0.01,0.01%,n
前兆,1,0.01,0.01%,n
心梗,1,0.01,0.01%,n
牙痛,1,0.01,0.01%,n
一过性,1,0.01,0.01%,n
站,1,0.01,0.01%,v
后退,1,0.01,0.01%,v
论文,1,0.01,0.01%,nz
李诚儒,1,0.01,0.01%,nr
演技,1,0.01,0.01%,n
Yamy,1,0.01,0.01%,eng
大厂,1,0.01,0.01%,n
运动员,1,0.01,0.01%,n
资本,1,0.01,0.01%,n
某些,1,0.01,0.01%,r
屏幕,1,0.01,0.01%,n
MEGA,1,0.01,0.01%,eng
水量,1,0.01,0.01%,n
调,1,0.01,0.01%,v
中线,1,0.01,0.01%,n
南水北调,1,0.01,0.01%,nz
注册,1,0.01,0.01%,v
涨超,1,0.01,0.01%,n
指跌近,1,0.01,0.01%,n
恒科,1,0.01,0.01%,nz
走强,1,0.01,0.01%,v
创业板,1,0.01,0.01%,n
震荡,1,0.01,0.01%,v
H股,1,0.01,0.01%,n
A,1,0.01,0.01%,x
风格,1,0.01,0.01%,n
延续,1,0.01,0.01%,v
怪不得,1,0.01,0.01%,l
低位,1,0.01,0.01%,n
逾,1,0.01,0.01%,vg
刷新,1,0.01,0.01%,v
加元,1,0.01,0.01%,q
比索,1,0.01,0.01%,n
推行,1,0.01,0.01%,v
按计划,1,0.01,0.01%,n
称加墨,1,0.01,0.01%,n
万元,1,0.01,0.01%,m
元至,1,0.01,0.01%,n
一天,1,0.01,0.01%,m
赚钱,1,0.01,0.01%,v
抢到,1,0.01,0.01%,v
抢,1,0.01,0.01%,v
恐怖,1,0.01,0.01%,a
乒坛,1,0.01,0.01%,n
宁波,1,0.01,0.01%,ns
动人,1,0.01,0.01%,n
十个,1,0.01,0.01%,m
万杯,1,0.01,0.01%,m
卖,1,0.01,0.01%,v
村里,1,0.01,0.01%,s
搭子,1,0.01,0.01%,n
没想到,1,0.01,0.01%,l
进组,1,0.01,0.01%,vn
邓为,1,0.01,0.01%,nr
硕士论文,1,0.01,0.01%,n
复旦大学,1,0.01,0.01%,nt
收归,1,0.01,0.01%,v
房产,1,0.01,0.01%,j
病逝,1,0.01,0.01%,v
独身,1,0.01,0.01%,v
明艳,1,0.01,0.01%,a
资格赛,1,0.01,0.01%,n
色块,1,0.01,0.01%,n
春耕,1,0.01,0.01%,nr
大地,1,0.01,0.01%,n
祖国,1,0.01,0.01%,n
思路,1,0.01,0.01%,n
第十层,1,0.01,0.01%,m
只能,1,0.01,0.01%,v
深渊,1,0.01,0.01%,ns
细心,1,0.01,0.01%,n
错误,1,0.01,0.01%,n
低级,1,0.01,0.01%,b
犯,1,0.01,0.01%,v
粗心大意,1,0.01,0.01%,i
数学题,1,0.01,0.01%,n
勤天,1,0.01,0.01%,n
日子,1,0.01,0.01%,n
老伯,1,0.01,0.01%,nr
买震,1,0.01,0.01%,n
乒乓球,1,0.01,0.01%,n
全运会,1,0.01,0.01%,nz
男人,1,0.01,0.01%,n
粉色,1,0.01,0.01%,n
适合,1,0.01,0.01%,v
鬼鬼,1,0.01,0.01%,n
放过,1,0.01,0.01%,v
何炅,1,0.01,0.01%,nr
故意,1,0.01,0.01%,d
定罪,1,0.01,0.01%,vn
检方,1,0.01,0.01%,n
科目,1,0.01,0.01%,n
考,1,0.01,0.01%,v
喝了酒,1,0.01,0.01%,v
学员,1,0.01,0.01%,n
驾校,1,0.01,0.01%,n
说法,1,0.01,0.01%,v
纠正,1,0.01,0.01%,v
龙拉住,1,0.01,0.01%,n
何年,1,0.01,0.01%,r
今夕,1,0.01,0.01%,t
美得,1,0.01,0.01%,ns
IU,1,0.01,0.01%,eng
减到,1,0.01,0.01%,v
艺考,1,0.01,0.01%,n
耳背,1,0.01,0.01%,n
楼上,1,0.01,0.01%,s
报复,1,0.01,0.01%,v
楼器,1,0.01,0.01%,n
及多国,1,0.01,0.01%,n
访问,1,0.01,0.01%,v
江西,1,0.01,0.01%,ns
打车,1,0.01,0.01%,v
三部,1,0.01,0.01%,m
迄今为止,1,0.01,0.01%,l
左右,1,0.01,0.01%,m
一百岁,1,0.01,0.01%,m
定,1,0.01,0.01%,v
寿命,1,0.01,0.01%,n
大自然,1,0.01,0.01%,d
涉事,1,0.01,0.01%,v
查获,1,0.01,0.01%,v
局,1,0.01,0.01%,n
交通运输,1,0.01,0.01%,j
广州,1,0.01,0.01%,ns
收,1,0.01,0.01%,n
公里,1,0.01,0.01%,q
反对,1,0.01,0.01%,d
期待,1,0.01,0.01%,v
蛋学,1,0.01,0.01%,n
打开,1,0.01,0.01%,v
BGM,1,0.01,0.01%,eng
优雅,1,0.01,0.01%,a
英雄,1,0.01,0.01%,ns
家庭,1,0.01,0.01%,n
万千,1,0.01,0.01%,m
名单,1,0.01,0.01%,n
任命,1,0.01,0.01%,n
批准,1,0.01,0.01%,v
全国人大常务委员会,1,0.01,0.01%,nt
新闻联播,1,0.01,0.01%,nz
增持,1,0.01,0.01%,v
热潮,1,0.01,0.01%,n
电影,1,0.01,0.01%,n
咨询,1,0.01,0.01%,vn
陈妍,1,0.01,0.01%,nr
可,1,0.01,0.01%,v
撞期,1,0.01,0.01%,vn
发布会,1,0.01,0.01%,n
段子,1,0.01,0.01%,nr
寝,1,0.01,0.01%,n
查女,1,0.01,0.01%,n
学生会,1,0.01,0.01%,n
出头,1,0.01,0.01%,v
不敢,1,0.01,0.01%,d
强硬,1,0.01,0.01%,a
归来,1,0.01,0.01%,v
霸主,1,0.01,0.01%,n
野区,1,0.01,0.01%,n
重做,1,0.01,0.01%,n
露露,1,0.01,0.01%,v
娜,1,0.01,0.01%,x
大陆,1,0.01,0.01%,n
路透,1,0.01,0.01%,nz
芭比,1,0.01,0.01%,n
煤,1,0.01,0.01%,n
山西,1,0.01,0.01%,ns
high,1,0.01,0.01%,eng
春晚,1,0.01,0.01%,t
世界排名,1,0.01,0.01%,l
领跑,1,0.01,0.01%,v
林诗栋,1,0.01,0.01%,nr
同村,1,0.01,0.01%,n
看得出,1,0.01,0.01%,v
很红,1,0.01,0.01%,n
赵樱子,1,0.01,0.01%,nr
澳门,1,0.01,0.01%,ns
人工智能,1,0.01,0.01%,n
美银,1,0.01,0.01%,nt
详情,1,0.01,0.01%,a
拒付,1,0.01,0.01%,v
获利,1,0.01,0.01%,v
周四,1,0.01,0.01%,t
有关,1,0.01,0.01%,vn
豌豆,1,0.01,0.01%,n
美丑,1,0.01,0.01%,m
瘫痪,1,0.01,0.01%,v
轻易,1,0.01,0.01%,a
病毒,1,0.01,0.01%,n
诺如,1,0.01,0.01%,n
滚床,1,0.01,0.01%,v
级,1,0.01,0.01%,q
清华,1,0.01,0.01%,nz
告黑,1,0.01,0.01%,v
赔偿款,1,0.01,0.01%,n
流水,1,0.01,0.01%,n
精舍,1,0.01,0.01%,n
母女,1,0.01,0.01%,n
批复,1,0.01,0.01%,v
贷款,1,0.01,0.01%,n
抵押,1,0.01,0.01%,vn
途径,1,0.01,0.01%,n
序列,1,0.01,0.01%,n
混子,1,0.01,0.01%,n
名为,1,0.01,0.01%,v
之主,1,0.01,0.01%,n
诡秘,1,0.01,0.01%,a
倒闭,1,0.01,0.01%,v
特效,1,0.01,0.01%,a
视觉,1,0.01,0.01%,n
特,1,0.01,0.01%,d
了结,1,0.01,0.01%,v
周五,1,0.01,0.01%,t
反手,1,0.01,0.01%,v
加仓,1,0.01,0.01%,v
肌贴,1,0.01,0.01%,n
缠满,1,0.01,0.01%,v
手臂,1,0.01,0.01%,n
封训,1,0.01,0.01%,nr
奥运,1,0.01,0.01%,j
寻找,1,0.01,0.01%,v
送,1,0.01,0.01%,v
披露,1,0.01,0.01%,v
俄媒,1,0.01,0.01%,n
宠物,1,0.01,0.01%,n
而养,1,0.01,0.01%,n
小朋友,1,0.01,0.01%,n
为了,1,0.01,0.01%,p
博士生,1,0.01,0.01%,nr
婚内,1,0.01,0.01%,t
南京,1,0.01,0.01%,ns
葱省,1,0.01,0.01%,n
机关报,1,0.01,0.01%,n
山东省委,1,0.01,0.01%,nt
踢,1,0.01,0.01%,v
回旋,1,0.01,0.01%,v
秀,1,0.01,0.01%,ag
深意,1,0.01,0.01%,v
通话,1,0.01,0.01%,n
此时,1,0.01,0.01%,c
元首,1,0.01,0.01%,t
两国,1,0.01,0.01%,ns
整,1,0.01,0.01%,v
股市,1,0.01,0.01%,n
让路,1,0.01,0.01%,v
希方,1,0.01,0.01%,nr
出诊,1,0.01,0.01%,v
本周,1,0.01,0.01%,t
英美,1,0.01,0.01%,ns
进口,1,0.01,0.01%,vn
新版,1,0.01,0.01%,b
不签,1,0.01,0.01%,n
瓶颈,1,0.01,0.01%,n
算力,1,0.01,0.01%,n
冲破,1,0.01,0.01%,vn
算法,1,0.01,0.01%,n
没用,1,0.01,0.01%,v
英法,1,0.01,0.01%,nz
俄站,1,0.01,0.01%,ns
降温,1,0.01,0.01%,n
之后,1,0.01,0.01%,f
回暖,1,0.01,0.01%,v
沟通,1,0.01,0.01%,v
地区,1,0.01,0.01%,n
推动,1,0.01,0.01%,v
释放,1,0.01,0.01%,v
一致,1,0.01,0.01%,d
罕见,1,0.01,0.01%,a
涨,1,0.01,0.01%,v
动作,1,0.01,0.01%,n
热身,1,0.01,0.01%,n
学习,1,0.01,0.01%,v
龙称,1,0.01,0.01%,n
任职,1,0.01,0.01%,v
赴,1,0.01,0.01%,v
湖北省委,1,0.01,0.01%,nt
河南省委,1,0.01,0.01%,nt
偷运,1,0.01,0.01%,v
部分,1,0.01,0.01%,n
禽类,1,0.01,0.01%,n
否认,1,0.01,0.01%,v
PPT,1,0.01,0.01%,eng
这次,1,0.01,0.01%,r
钙化,1,0.01,0.01%,v
胳膊,1,0.01,0.01%,n
右,1,0.01,0.01%,f
杨幂,1,0.01,0.01%,nr
King,1,0.01,0.01%,eng
微博,1,0.01,0.01%,n
荣获,1,0.01,0.01%,nr
刘宇宁,1,0.01,0.01%,nr
旅程,1,0.01,0.01%,n
一次,1,0.01,0.01%,m
每,1,0.01,0.01%,r
楠发,1,0.01,0.01%,n
章,1,0.01,0.01%,n
万多个,1,0.01,0.01%,m
俄国,1,0.01,0.01%,ns
被捕,1,0.01,0.01%,v
高中生,1,0.01,0.01%,nr
猥亵,1,0.01,0.01%,v
王妃,1,0.01,0.01%,nr
西夏,1,0.01,0.01%,ns
生,1,0.01,0.01%,vn
李秋水,1,0.01,0.01%,nr
发源,1,0.01,0.01%,n
麻辣烫,1,0.01,0.01%,z
担当,1,0.01,0.01%,v
一点,1,0.01,0.01%,m
导致,1,0.01,0.01%,v
艾伦,1,0.01,0.01%,nr
郭,1,0.01,0.01%,nr
货,1,0.01,0.01%,n
收寄,1,0.01,0.01%,v
快递,1,0.01,0.01%,v
燃气轮机,1,0.01,0.01%,n
分项,1,0.01,0.01%,m
减,1,0.01,0.01%,v
乌是,1,0.01,0.01%,n
长远,1,0.01,0.01%,d
炖,1,0.01,0.01%,v
铁锅,1,0.01,0.01%,n
徐志胜,1,0.01,0.01%,nr
遗产,1,0.01,0.01%,vn
猝死,1,0.01,0.01%,v
有效,1,0.01,0.01%,a
扶养,1,0.01,0.01%,v
遗赠,1,0.01,0.01%,v
血缘关系,1,0.01,0.01%,l
航空母舰,1,0.01,0.01%,n
使用,1,0.01,0.01%,v
影子,1,0.01,0.01%,n
Ta,1,0.01,0.01%,eng
考生,1,0.01,0.01%,v
大跳水,1,0.01,0.01%,ns
辉煌,1,0.01,0.01%,a
之,1,0.01,0.01%,u
混动,1,0.01,0.01%,vn
续写,1,0.01,0.01%,v
新增,1,0.01,0.01%,v
图片,1,0.01,0.01%,n
变,1,0.01,0.01%,v
格局,1,0.01,0.01%,n
投票,1,0.01,0.01%,n
依旧,1,0.01,0.01%,z
转学,1,0.01,0.01%,n
刘晓庆,1,0.01,0.01%,nr
毛戈平,1,0.01,0.01%,nr
友情,1,0.01,0.01%,n
爱情,1,0.01,0.01%,n
张力,1,0.01,0.01%,nr
吻性,1,0.01,0.01%,n
厨房,1,0.01,0.01%,n
章若楠,1,0.01,0.01%,nr
诞生,1,0.01,0.01%,v
四强,1,0.01,0.01%,n
契约,1,0.01,0.01%,ns
无畏,1,0.01,0.01%,v
落水,1,0.01,0.01%,v
两船,1,0.01,0.01%,n
出炉,1,0.01,0.01%,v
大选,1,0.01,0.01%,v
出门,1,0.01,0.01%,v
外套,1,0.01,0.01%,n
放进,1,0.01,0.01%,v
宝宝,1,0.01,0.01%,nr
评美乌,1,0.01,0.01%,n
意外,1,0.01,0.01%,a
治丧,1,0.01,0.01%,v
后人,1,0.01,0.01%,n
泪崩,1,0.01,0.01%,n
手抖,1,0.01,0.01%,n
紧张,1,0.01,0.01%,a
中学老师,1,0.01,0.01%,n
妇科病,1,0.01,0.01%,n
能治,1,0.01,0.01%,n
内衣,1,0.01,0.01%,n
瘦身,1,0.01,0.01%,n
长久,1,0.01,0.01%,d
哈利波,1,0.01,0.01%,nr
加大,1,0.01,0.01%,v
抚州,1,0.01,0.01%,ns
美称,1,0.01,0.01%,n
打仗,1,0.01,0.01%,v
称像,1,0.01,0.01%,v
巨响,1,0.01,0.01%,vn
听见,1,0.01,0.01%,v
目击者,1,0.01,0.01%,n
韩,1,0.01,0.01%,j
路线,1,0.01,0.01%,n
骑行,1,0.01,0.01%,v
跑步,1,0.01,0.01%,n
红灯,1,0.01,0.01%,n
中有,1,0.01,0.01%,n
城市,1,0.01,0.01%,ns
进驻,1,0.01,0.01%,v
维和部队,1,0.01,0.01%,n
亲密,1,0.01,0.01%,a
训练,1,0.01,0.01%,vn
联合国,1,0.01,0.01%,nt
邻居,1,0.01,0.01%,v
撕咬,1,0.01,0.01%,v
发疯,1,0.01,0.01%,v
家狗,1,0.01,0.01%,n
指跌,1,0.01,0.01%,v
沪,1,0.01,0.01%,j
下跌,1,0.01,0.01%,v
破,1,0.01,0.01%,v
摩斯,1,0.01,0.01%,nz
表白,1,0.01,0.01%,v
打折,1,0.01,0.01%,v
该不该,1,0.01,0.01%,v
物业费,1,0.01,0.01%,n
MoE,1,0.01,0.01%,eng
飞跃,1,0.01,0.01%,v
超大,1,0.01,0.01%,v
召开,1,0.01,0.01%,v
加时,1,0.01,0.01%,c
森林狼,1,0.01,0.01%,nr
药物,1,0.01,0.01%,n
高度,1,0.01,0.01%,n
元年,1,0.01,0.01%,t
眼镜,1,0.01,0.01%,n
何,1,0.01,0.01%,r
公子,1,0.01,0.01%,n
羽,1,0.01,0.01%,nr
好像,1,0.01,0.01%,v
一位,1,0.01,0.01%,m
企业家,1,0.01,0.01%,n
民营,1,0.01,0.01%,b
请来,1,0.01,0.01%,v
常委会,1,0.01,0.01%,j
周,1,0.01,0.01%,nr
浙江省委,1,0.01,0.01%,nt
出动,1,0.01,0.01%,v
部,1,0.01,0.01%,q
发话,1,0.01,0.01%,v
实,1,0.01,0.01%,n
储备量,1,0.01,0.01%,n
金库,1,0.01,0.01%,nz
神志,1,0.01,0.01%,n
失去,1,0.01,0.01%,v
嫌疑人,1,0.01,0.01%,n
背后,1,0.01,0.01%,f
库,1,0.01,0.01%,n
EP,1,0.01,0.01%,eng
第二日,1,0.01,0.01%,m
空置房,1,0.01,0.01%,n
第一副,1,0.01,0.01%,m
任亚乒联,1,0.01,0.01%,n
称脑机,1,0.01,0.01%,n
持有,1,0.01,0.01%,v
受贿,1,0.01,0.01%,v
杨克宁犯,1,0.01,0.01%,n
原副,1,0.01,0.01%,n
政协,1,0.01,0.01%,j
四川省,1,0.01,0.01%,ns
简历,1,0.01,0.01%,v
浅浅,1,0.01,0.01%,a
贾,1,0.01,0.01%,nr
文学院,1,0.01,0.01%,nt
西北大学,1,0.01,0.01%,nt
上市公司,1,0.01,0.01%,nt
远超,1,0.01,0.01%,n
接口技术,1,0.01,0.01%,n
董事长,1,0.01,0.01%,n
喜爱,1,0.01,0.01%,v
涨停,1,0.01,0.01%,v
红外,1,0.01,0.01%,nr
高德,1,0.01,0.01%,nr
低于,1,0.01,0.01%,v
分数线,1,0.01,0.01%,n
总分,1,0.01,0.01%,n
单科,1,0.01,0.01%,n
专业,1,0.01,0.01%,n
大多数,1,0.01,0.01%,m
他杀,1,0.01,0.01%,vn
排除,1,0.01,0.01%,v
坠亡,1,0.01,0.01%,v
在校,1,0.01,0.01%,v
中学生,1,0.01,0.01%,n
枪支弹药,1,0.01,0.01%,n
获刑,1,0.01,0.01%,v
MIT,1,0.01,0.01%,eng
LICENCE,1,0.01,0.01%,eng
外国游客,1,0.01,0.01%,n
深受,1,0.01,0.01%,v
轮票,1,0.01,0.01%,n
投了,1,0.01,0.01%,n
第,1,0.01,0.01%,m
创下,1,0.01,0.01%,v
金价,1,0.01,0.01%,n
国际,1,0.01,0.01%,n
摆,1,0.01,0.01%,n
系,1,0.01,0.01%,n
支付,1,0.01,0.01%,v
进行,1,0.01,0.01%,v
锁定,1,0.01,0.01%,v
能够,1,0.01,0.01%,v
技战术,1,0.01,0.01%,n
先前,1,0.01,0.01%,t
再次,1,0.01,0.01%,d
战斗机,1,0.01,0.01%,n
第六代,1,0.01,0.01%,m
今后,1,0.01,0.01%,t
避免,1,0.01,0.01%,v
脖子,1,0.01,0.01%,n
砸,1,0.01,0.01%,v
杠铃,1,0.01,0.01%,n
殒命,1,0.01,0.01%,v
举时,1,0.01,0.01%,n
力量,1,0.01,0.01%,n
练习,1,0.01,0.01%,v
少女,1,0.01,0.01%,n
雷霆,1,0.01,0.01%,nr
杯,1,0.01,0.01%,q
作假,1,0.01,0.01%,n
Max,1,0.01,0.01%,eng
病人,1,0.01,0.01%,n
多方,1,0.01,0.01%,m
尽快,1,0.01,0.01%,d
共识,1,0.01,0.01%,n
造,1,0.01,0.01%,v
再度,1,0.01,0.01%,d
网购,1,0.01,0.01%,n
军师,1,0.01,0.01%,n
担任,1,0.01,0.01%,v
在场,1,0.01,0.01%,v
台媒称,1,0.01,0.01%,n
星星,1,0.01,0.01%,nz
放羊,1,0.01,0.01%,v
Preview,1,0.01,0.01%,eng
QwQ,1,0.01,0.01%,eng
床,1,0.01,0.01%,n
推理模型,1,0.01,0.01%,n
Qwen,1,0.01,0.01%,eng
大关,1,0.01,0.01%,ns
量刑,1,0.01,0.01%,n
ds,1,0.01,0.01%,eng
评智,1,0.01,0.01%,n
从业者,1,0.01,0.01%,n
法律,1,0.01,0.01%,n
停产,1,0.01,0.01%,v
X,1,0.01,0.01%,x
S,1,0.01,0.01%,x
Model,1,0.01,0.01%,eng
打头阵,1,0.01,0.01%,i
A股,1,0.01,0.01%,n
住院,1,0.01,0.01%,n
睡,1,0.01,0.01%,n
影像,1,0.01,0.01%,vn
公示,1,0.01,0.01%,v
检查,1,0.01,0.01%,vn
应付,1,0.01,0.01%,vn
指为,1,0.01,0.01%,v
千万,1,0.01,0.01%,m
涨价,1,0.01,0.01%,n
最高,1,0.01,0.01%,a
老铺,1,0.01,0.01%,n
情况通报,1,0.01,0.01%,n
候选人,1,0.01,0.01%,n
长,1,0.01,0.01%,a
县,1,0.01,0.01%,n
李宣,1,0.01,0.01%,nr
珊瑚,1,0.01,0.01%,n
后何,1,0.01,0.01%,r
浙江,1,0.01,0.01%,ns
塌,1,0.01,0.01%,n
着想,1,0.01,0.01%,v
多为,1,0.01,0.01%,n
卷,1,0.01,0.01%,m
宋玉军,1,0.01,0.01%,nr
海尔,1,0.01,0.01%,nrt
冻结资产,1,0.01,0.01%,n
独占,1,0.01,0.01%,v
人物,1,0.01,0.01%,n
模仿,1,0.01,0.01%,v
尊界方,1,0.01,0.01%,n
王某,1,0.01,0.01%,nr
急,1,0.01,0.01%,v
七旬,1,0.01,0.01%,t
索赔,1,0.01,0.01%,v
证明,1,0.01,0.01%,n
警方,1,0.01,0.01%,n
送单,1,0.01,0.01%,n
烦,1,0.01,0.01%,v
解聘,1,0.01,0.01%,v
发表,1,0.01,0.01%,v
当地,1,0.01,0.01%,s
老师,1,0.01,0.01%,n
可载,1,0.01,0.01%,v
众人,1,0.01,0.01%,n
萌翻,1,0.01,0.01%,v
轻轨,1,0.01,0.01%,b
重庆,1,0.01,0.01%,ns
知名,1,0.01,0.01%,v
曝某,1,0.01,0.01%,n
弃权,1,0.01,0.01%,n
道歉,1,0.01,0.01%,v
武契奇,1,0.01,0.01%,nr
人人,1,0.01,0.01%,n
延误,1,0.01,0.01%,v
遭,1,0.01,0.01%,v
无奈,1,0.01,0.01%,d
骑手,1,0.01,0.01%,n
要合村,1,0.01,0.01%,n
出钱,1,0.01,0.01%,v
后取,1,0.01,0.01%,n
古币,1,0.01,0.01%,n
虚拟,1,0.01,0.01%,v
聊天,1,0.01,0.01%,nz
还原,1,0.01,0.01%,v
现场,1,0.01,0.01%,n
激辩,1,0.01,0.01%,v
十轮,1,0.01,0.01%,m
发力,1,0.01,0.01%,n
手段,1,0.01,0.01%,n
新作,1,0.01,0.01%,n
马,1,0.01,0.01%,n
天宇,1,0.01,0.01%,nr
救人,1,0.01,0.01%,n
小哥,1,0.01,0.01%,n
已买,1,0.01,0.01%,n
创始人,1,0.01,0.01%,n
波士顿,1,0.01,0.01%,nr
不实,1,0.01,0.01%,d
会谈,1,0.01,0.01%,v
第二轮,1,0.01,0.01%,m
谈美,1,0.01,0.01%,n
创业,1,0.01,0.01%,n
官宣,1,0.01,0.01%,nr
贴,1,0.01,0.01%,v
卡点,1,0.01,0.01%,n
无力,1,0.01,0.01%,n
神人,1,0.01,0.01%,n
夜,1,0.01,0.01%,t
气息,1,0.01,0.01%,n
谎称,1,0.01,0.01%,n
送人,1,0.01,0.01%,n
丈夫,1,0.01,0.01%,n
捐款,1,0.01,0.01%,v
村庄,1,0.01,0.01%,n
货车,1,0.01,0.01%,n
空,1,0.01,0.01%,n
领土,1,0.01,0.01%,n
共享,1,0.01,0.01%,v
文,1,0.01,0.01%,n
杀青,1,0.01,0.01%,n
三人行,1,0.01,0.01%,j
如大仇,1,0.01,0.01%,n
