"number","original_number","title","source","link","summary","pub_time","collect_time","news_id"
"1","1","网传博主网购土拨鼠，到手发现疑为喜马拉雅旱獭，上海疾控称正调查，饲养此类动物合法吗？若不想养该怎么办？","知乎","https://www.zhihu.com/question/13246151689","","","2025-02-25 17:01:27","caf46a381bccf83ae86e39b4b680251b"
"2","2","联合国安理会通过涉乌决议「呼吁迅速结束冲突」，中美俄均投下赞成票，这意味着什么？俄乌冲突何时能结束？","知乎","https://www.zhihu.com/question/13281535155","","","2025-02-25 17:01:27","4b79b91409d503f32535a8859363b550"
"3","3","《哪吒 2 》港澳上映首日即登顶，目前已是全球影史第八名，预计最终票房能达到多少？","知乎","https://www.zhihu.com/question/13215047635","","","2025-02-25 17:01:27","dbab97e0066c0d44f33bda78427f9e9f"
"4","4","湖南师范大学一教授公开与学生聊天记录，指责询问资料的学生「娇生惯养」，怎样看待他的做法？","知乎","https://www.zhihu.com/question/13295441633","","","2025-02-25 17:01:27","69874dcffcaafdfe53530a9b363a6845"
"5","5","博士配偶为初中学历被安排工作，湖北师范大学回应「符合政策，属劳务派遣」，怎样看待此事？","知乎","https://www.zhihu.com/question/13286722569","","","2025-02-25 17:01:27","e0e22964e7fbf6c1af85f40b232d4a13"
"6","6","iPhone 17 全系设计图曝光，Plus 机型被砍，4 款机型 3 种设计，怎样看这些变化？","知乎","https://www.zhihu.com/question/13194702893","","","2025-02-25 17:01:27","e1e6bf975682c784a91c19ddd7ca460e"
"7","7","老牌豪门曼联将关闭员工食堂，仅球员能吃上免费午餐，这能节省多少钱？可能出于哪些考虑？","知乎","https://www.zhihu.com/question/13268099627","","","2025-02-25 17:01:27","313291b761958b67ad3042acd957462d"
"8","8","俄罗斯宣布最新停战条件，关于俄美总统结束战争倡议的谈判成关键，如何看待目前的对话和冲突走向？","知乎","https://www.zhihu.com/question/13296842584","","","2025-02-25 17:01:27","6ace0bcfb99cc1b3b1aed7b9362504fe"
"9","9","珠海、中山成香港人买房养老新选择，如何看待这种现象？「香港挣钱内地花」会成为一种生活趋势吗？","知乎","https://www.zhihu.com/question/12813369340","","","2025-02-25 17:01:27","2377c0142b85d4dc3cf0ba1bed4a5574"
"10","10","《哪吒 2》中的章鱼大将军为什么能在岩浆中烤自己的腕吃？章鱼有痛感吗？它的可再生能力有多强？","知乎","https://www.zhihu.com/question/12487226776","","","2025-02-25 17:01:27","338adb21f9bbcf8ade10dd835253a8d2"
"11","11","有哪些看起来热量很高，实际热量却很低的食物？","知乎","https://www.zhihu.com/question/359675190","","","2025-02-25 17:01:27","cf5e4cda0a80c87e3cc1d4eaffb6a0d2"
"12","12","为什么全国各地突然刮起了高中双休减负的风？","知乎","https://www.zhihu.com/question/13148402976","","","2025-02-25 17:01:27","5a7a94b938a5caec3672d938c24cab80"
"13","13","DeepSeek预测「未来十年工资会变高的 10 大岗位」，多与AI、技术等相关，如何看待这一预测？","知乎","https://www.zhihu.com/question/12930594912","","","2025-02-25 17:01:27","40011fc4f2623ec1e3f5cbc919bf59b1"
"14","14","《哪吒之魔童闹海》中，三大龙王能否选择不叛变？","知乎","https://www.zhihu.com/question/12962034786","","","2025-02-25 17:01:27","960d51331205711179ac560b78c64ca3"
"15","15","爱奇艺 CEO 龚宇点名指责红果短剧「滥用市场支配地位」，如何看待爱优腾和红果之间在微短剧领域的竞争？","知乎","https://www.zhihu.com/question/12834303234","","","2025-02-25 17:01:27","bd64902cb192af806f732ef01cc637ce"
"16","16","中国首口万米深井完钻，钻出石油了吗？为什么我们要付出这么多去探索深地？","知乎","https://www.zhihu.com/question/12907868368","","","2025-02-25 17:01:27","b3631559da84cb877bf429b582f6cca4"
"17","17","澳大利亚为什么不引进狮子、老虎充当顶级掠食者的生态位?","知乎","https://www.zhihu.com/question/664929200","","","2025-02-25 17:01:27","931760c3210b2796ec14a6a4b5f04fbc"
"18","18","考研复试真的会出现「学历歧视」的现象吗？","知乎","https://www.zhihu.com/question/12287021791","","","2025-02-25 17:01:27","c320e61228e8586ec4dd53d28b2c8621"
"19","19","电车和油车基本同步出现，为啥人类先选择油车，过了100多年才回头再搞电车？","知乎","https://www.zhihu.com/question/13138938605","","","2025-02-25 17:01:27","bc2e2617e3ac889e0b5606ec14e19204"
"20","20","扫地机加仿生机械手会开启家用机器人新时代吗？如何看待石头 G30 Space 在扫地机形态上的突破？","知乎","https://www.zhihu.com/question/13288514907","","","2025-02-25 17:01:27","da66c07b55c1af2b881e24a448149656"
"21","21","如何评价 2025 年 2 月米哈游《崩坏星穹铁道》缇宝角色 PV「童言无忌」？","知乎","https://www.zhihu.com/question/13310676009","","","2025-02-25 17:01:27","8325b426592a2f02505c33554422139d"
"22","22","中国U20能改变中国在世界足球中的地位吗？","知乎","https://www.zhihu.com/question/12338011589","","","2025-02-25 17:01:27","7a804e411ae602cc19598e70155d6c04"
"23","23","为什么领导在下属提离职时常常表示「很突然」呢？","知乎","https://www.zhihu.com/question/12668460439","","","2025-02-25 17:01:27","6916c7fe308b8103b2fefd3a3426ba76"
"24","24","马里亚纳海沟吞噬掉的海水去哪里了？","知乎","https://www.zhihu.com/question/12604776931","","","2025-02-25 17:01:27","12789fbeac8f38a7aee25f15520d952c"
"25","25","你对尊严的理解是怎样的？","知乎","https://www.zhihu.com/question/23967367","","","2025-02-25 17:01:27","73e9e678603563c4dbb434a67058bb4d"
"26","26","电脑升级优先把钱花在哪？","知乎","https://www.zhihu.com/question/13219599639","","","2025-02-25 17:01:27","c0726615473053da2838ddea547c40f9"
"27","27","职场中，能力强却不被领导待见，到底是哪里出了问题？","知乎","https://www.zhihu.com/question/12924771511","","","2025-02-25 17:01:27","a22211164a23afb05c8bc9e4bf078134"
"28","28","有没有一种显示器，是一整块屏幕，但是是两个显示器？","知乎","https://www.zhihu.com/question/8427785489","","","2025-02-25 17:01:27","924b9b5016110905d182b48f89862145"
"29","29","孩子在做数学题时总是粗心大意，经常犯低级错误，该如何帮助他提高细心程度？","知乎","https://www.zhihu.com/question/12491823418","","","2025-02-25 17:01:27","c3767a547ba8a0c04536f345b5ab1675"
"30","30","《原神》深渊只能打到第十层，能不能提供一下思路？","知乎","https://www.zhihu.com/question/12940701774","","","2025-02-25 17:01:27","a85d1f8c178908c255b62806ffd4f25c"
"31","3","祖国大地春耕色块明艳动人","微博","https://s.weibo.com/weibo?q=%23%E7%A5%96%E5%9B%BD%E5%A4%A7%E5%9C%B0%E6%98%A5%E8%80%95%E8%89%B2%E5%9D%97%E6%98%8E%E8%89%B3%E5%8A%A8%E4%BA%BA%23","","","2025-02-25 17:01:27","8525f74a0312dbd7af7fb6f1d5c26a91"
"32","4","独身女子病逝房产收归国家","微博","https://s.weibo.com/weibo?q=%23%E7%8B%AC%E8%BA%AB%E5%A5%B3%E5%AD%90%E7%97%85%E9%80%9D%E6%88%BF%E4%BA%A7%E6%94%B6%E5%BD%92%E5%9B%BD%E5%AE%B6%23","","","2025-02-25 17:01:27","b3867c7889956166b877370bd8afe138"
"33","6","复旦大学通报博士后抄袭硕士论文","微博","https://s.weibo.com/weibo?q=%23%E5%A4%8D%E6%97%A6%E5%A4%A7%E5%AD%A6%E9%80%9A%E6%8A%A5%E5%8D%9A%E5%A3%AB%E5%90%8E%E6%8A%84%E8%A2%AD%E7%A1%95%E5%A3%AB%E8%AE%BA%E6%96%87%23","","","2025-02-25 17:01:27","aaca37c4d63b904744eb857048034d7b"
"34","7","邓为回应一年不进组的原因","微博","https://s.weibo.com/weibo?q=%23%E9%82%93%E4%B8%BA%E5%9B%9E%E5%BA%94%E4%B8%80%E5%B9%B4%E4%B8%8D%E8%BF%9B%E7%BB%84%E7%9A%84%E5%8E%9F%E5%9B%A0%23","","","2025-02-25 17:01:27","366b95b078c033fbafc580f0611df037"
"35","9","大蒜也没想到自己成了咖啡搭子","微博","https://s.weibo.com/weibo?q=%23%E5%A4%A7%E8%92%9C%E4%B9%9F%E6%B2%A1%E6%83%B3%E5%88%B0%E8%87%AA%E5%B7%B1%E6%88%90%E4%BA%86%E5%92%96%E5%95%A1%E6%90%AD%E5%AD%90%23","","","2025-02-25 17:01:27","9483d5808210cc0e8ac77c51efa9e422"
"36","10","村里的大蒜咖啡一年卖7万杯","微博","https://s.weibo.com/weibo?q=%23%E6%9D%91%E9%87%8C%E7%9A%84%E5%A4%A7%E8%92%9C%E5%92%96%E5%95%A1%E4%B8%80%E5%B9%B4%E5%8D%967%E4%B8%87%E6%9D%AF%23","","","2025-02-25 17:01:27","111e2a752ad6a20dba676948843d9e23"
"37","12","十个勤天这日子也是好起来了","微博","https://s.weibo.com/weibo?q=%23%E5%8D%81%E4%B8%AA%E5%8B%A4%E5%A4%A9%E8%BF%99%E6%97%A5%E5%AD%90%E4%B9%9F%E6%98%AF%E5%A5%BD%E8%B5%B7%E6%9D%A5%E4%BA%86%23","","","2025-02-25 17:01:27","1f936bf08069474c29db59ce96436881"
"38","13","老伯买震楼器报复楼上结果对方耳背","微博","https://s.weibo.com/weibo?q=%23%E8%80%81%E4%BC%AF%E4%B9%B0%E9%9C%87%E6%A5%BC%E5%99%A8%E6%8A%A5%E5%A4%8D%E6%A5%BC%E4%B8%8A%E7%BB%93%E6%9E%9C%E5%AF%B9%E6%96%B9%E8%80%B3%E8%83%8C%23","","","2025-02-25 17:01:27","4da5d833256d496c1cd4e2b3f663ae98"
"39","14","艺考女生136斤减到87斤","微博","https://s.weibo.com/weibo?q=%23%E8%89%BA%E8%80%83%E5%A5%B3%E7%94%9F136%E6%96%A4%E5%87%8F%E5%88%B087%E6%96%A4%23","","","2025-02-25 17:01:27","ff0372bfc543f3dbf14d6a98025288d5"
"40","15","IU美得不知今夕是何年","微博","https://s.weibo.com/weibo?q=IU%E7%BE%8E%E5%BE%97%E4%B8%8D%E7%9F%A5%E4%BB%8A%E5%A4%95%E6%98%AF%E4%BD%95%E5%B9%B4","","","2025-02-25 17:01:27","2de314bf74e0590146df09f27ca4c915"
"41","16","马克龙拉住特朗普纠正其说法","微博","https://s.weibo.com/weibo?q=%23%E9%A9%AC%E5%85%8B%E9%BE%99%E6%8B%89%E4%BD%8F%E7%89%B9%E6%9C%97%E6%99%AE%E7%BA%A0%E6%AD%A3%E5%85%B6%E8%AF%B4%E6%B3%95%23","","","2025-02-25 17:01:27","6eadaef1c90fe02e7e6079aa771a5889"
"42","17","驾校学员喝了酒去考科目三","微博","https://s.weibo.com/weibo?q=%23%E9%A9%BE%E6%A0%A1%E5%AD%A6%E5%91%98%E5%96%9D%E4%BA%86%E9%85%92%E5%8E%BB%E8%80%83%E7%A7%91%E7%9B%AE%E4%B8%89%23","","","2025-02-25 17:01:27","98eb8c999772d944d5df45e87f80b49a"
"43","20","灌面汤呛妻案检方建议定罪故意杀人","微博","https://s.weibo.com/weibo?q=%23%E7%81%8C%E9%9D%A2%E6%B1%A4%E5%91%9B%E5%A6%BB%E6%A1%88%E6%A3%80%E6%96%B9%E5%BB%BA%E8%AE%AE%E5%AE%9A%E7%BD%AA%E6%95%85%E6%84%8F%E6%9D%80%E4%BA%BA%23","","","2025-02-25 17:01:27","762fb3e9f2a8bc32a39bb2c45bac3c7d"
"44","21","怀孕21周时胎儿小脚丫掉了出来","微博","https://s.weibo.com/weibo?q=%23%E6%80%80%E5%AD%9521%E5%91%A8%E6%97%B6%E8%83%8E%E5%84%BF%E5%B0%8F%E8%84%9A%E4%B8%AB%E6%8E%89%E4%BA%86%E5%87%BA%E6%9D%A5%23","","","2025-02-25 17:01:27","6584b18b1be8dc9de67c936da37ca25c"
"45","22","徐娇新剧贵女爆改女帝","微博","https://s.weibo.com/weibo?q=%E5%BE%90%E5%A8%87%E6%96%B0%E5%89%A7%E8%B4%B5%E5%A5%B3%E7%88%86%E6%94%B9%E5%A5%B3%E5%B8%9D","","","2025-02-25 17:01:27","f50a80516fa7465c566f8c1cfdf41d9e"
"46","23","何炅这么多年了还是没放过鬼鬼","微博","https://s.weibo.com/weibo?q=%E4%BD%95%E7%82%85%E8%BF%99%E4%B9%88%E5%A4%9A%E5%B9%B4%E4%BA%86%E8%BF%98%E6%98%AF%E6%B2%A1%E6%94%BE%E8%BF%87%E9%AC%BC%E9%AC%BC","","","2025-02-25 17:01:27","894042dfa935f057e28fc69204d7f2d1"
"47","24","最适合粉色的男人出现了","微博","https://s.weibo.com/weibo?q=%23%E6%9C%80%E9%80%82%E5%90%88%E7%B2%89%E8%89%B2%E7%9A%84%E7%94%B7%E4%BA%BA%E5%87%BA%E7%8E%B0%E4%BA%86%23","","","2025-02-25 17:01:27","6cb19f59799465dbbd04a95c11208dc7"
"48","25","全运会乒乓球资格赛落地宁波","微博","https://s.weibo.com/weibo?q=%23%E5%85%A8%E8%BF%90%E4%BC%9A%E4%B9%92%E4%B9%93%E7%90%83%E8%B5%84%E6%A0%BC%E8%B5%9B%E8%90%BD%E5%9C%B0%E5%AE%81%E6%B3%A2%23","","","2025-02-25 17:01:27","23e493b7378040decf734b36f5ad105a"
"49","26","许昕说乒坛最恐怖的运动员是张怡宁","微博","https://s.weibo.com/weibo?q=%23%E8%AE%B8%E6%98%95%E8%AF%B4%E4%B9%92%E5%9D%9B%E6%9C%80%E6%81%90%E6%80%96%E7%9A%84%E8%BF%90%E5%8A%A8%E5%91%98%E6%98%AF%E5%BC%A0%E6%80%A1%E5%AE%81%23","","","2025-02-25 17:01:27","dbe1b6ca11941ab63fd51d786cbca6ed"
"50","2730","万年薪大厂女生改做健身教练","微博","https://s.weibo.com/weibo?q=%2330%E4%B8%87%E5%B9%B4%E8%96%AA%E5%A4%A7%E5%8E%82%E5%A5%B3%E7%94%9F%E6%94%B9%E5%81%9A%E5%81%A5%E8%BA%AB%E6%95%99%E7%BB%83%23","","","2025-02-25 17:01:27","b5db63813e4969f4c08c720c0a17209c"
"51","28","Yamy演技被李诚儒饶雪漫肯定","微博","https://s.weibo.com/weibo?q=Yamy%E6%BC%94%E6%8A%80%E8%A2%AB%E6%9D%8E%E8%AF%9A%E5%84%92%E9%A5%B6%E9%9B%AA%E6%BC%AB%E8%82%AF%E5%AE%9A","","","2025-02-25 17:01:27","0cdbcd3daaa095ecb3eafe85cec52367"
"52","29","复旦抄袭论文博士后退站","微博","https://s.weibo.com/weibo?q=%23%E5%A4%8D%E6%97%A6%E6%8A%84%E8%A2%AD%E8%AE%BA%E6%96%87%E5%8D%9A%E5%A3%AB%E5%90%8E%E9%80%80%E7%AB%99%23","","","2025-02-25 17:01:27","445f9eddf39317da8bce2e8fcda16e27"
"53","30","一过性牙痛可能是心梗前兆","微博","https://s.weibo.com/weibo?q=%23%E4%B8%80%E8%BF%87%E6%80%A7%E7%89%99%E7%97%9B%E5%8F%AF%E8%83%BD%E6%98%AF%E5%BF%83%E6%A2%97%E5%89%8D%E5%85%86%23","","","2025-02-25 17:01:27","537d28c1337922d771ca8d6607f8580c"
"54","1","卢伟冰称小米Buds 5 Pro四千元以内音质最好","newsnow.busiyi.world","https://newsnow.busiyi.world/c/hottest","","","2025-02-25 17:01:27","6a237bb79089925e4c8d75bc75511d27"
"55","2","#相亲# 相亲对象，才认识三天，就叫我转钱。买面膜给她叫她发地址都不肯，非要转帐说是什么积分，平时也没主动发信息。怎么看","newsnow.busiyi.world","https://newsnow.busiyi.world/c/hottest","","","2025-02-25 17:01:27","6eaec6e4b42b3a57a86bc81c06820487"
"56","3","*#*#794824#*#* 5GN2877.9万热度 28.2万讨论","newsnow.busiyi.world","https://newsnow.busiyi.world/c/hottest","","","2025-02-25 17:01:27","92ab825014bd96367f8585daad7b92e1"
"57","4","小米15 Ultra三款外观配色公布：白色、黑色、黑银拼色296.3万热度 2713讨论","newsnow.busiyi.world","https://newsnow.busiyi.world/c/hottest","","","2025-02-25 17:01:27","7b3ce5197cb48d5e7a2e19f670b528a7"
"58","5","今年最强的貌似又是蓝厂的vivox200Ultra。55.7万热度 2.4万讨论","newsnow.busiyi.world","https://newsnow.busiyi.world/c/hottest","","","2025-02-25 17:01:27","e4f7b11c05379d442adbc1d525653c30"
"59","6","学生党，攥了好久钱，给我妈拿下[坏笑]虽然不是很贵的手机#数码日常#9.1万热度 971讨论","newsnow.busiyi.world","https://newsnow.busiyi.world/c/hottest","","","2025-02-25 17:01:27","c40b87f83e0106f56e86a661f2ee690b"
"60","7","#相亲# 相亲对象告诉我不开优酷会员就很难哄好！","newsnow.busiyi.world","https://newsnow.busiyi.world/c/hottest","","","2025-02-25 17:01:27","f2d0d3fa3afc6b118c85f25d5e88934c"
"61","8","oppo find x8，16+512G，3499安全下车✅✅219.9万热度 6.3万讨论","newsnow.busiyi.world","https://newsnow.busiyi.world/c/hottest","","","2025-02-25 17:01:27","1289ae86f5b90e3883aa749c0bdbd14b"
"62","9","细数红米K70几宗罪：42.4万热度 7.6万讨论","newsnow.busiyi.world","https://newsnow.busiyi.world/c/hottest","","","2025-02-25 17:01:27","e9963f226ecd0e1a5793945460f71fdd"
"63","10","我真是服了，为什么骁龙8e打cf还是会卡啊，究竟是小米不行，还是游戏优化太差了？ #穿越火线枪战王者#56.8万热度 3.6万讨论","newsnow.busiyi.world","https://newsnow.busiyi.world/c/hottest","","","2025-02-25 17:01:27","5a7d7053f06a3d2552322405c52e1110"
"64","11","老哥们给个建议呗，手里的16pm想换15ultra，手里现在还盲约着，但是去年14系列3款我都买了，因为系统流畅度的原因跳槽到了苹果，不过网上说15系列流畅度跟质感提升都很大，但是昨天我去小米之家问的如果想以旧换新，我还要补几百块钱，有没有同为16的机主想换15ultra的呀 #iPhone16ProMax#296.3万热度 2713讨论","newsnow.busiyi.world","https://newsnow.busiyi.world/c/hottest","","","2025-02-25 17:01:27","2788cafc1b4fc66ab12d42b7c395562d"
"65","12","#我在酷安晒女友# 25咯 跟19的女朋友也在一起100天了 非常甜[墨镜滑稽][墨镜滑稽][墨镜滑稽][墨镜滑稽][墨镜滑稽][墨镜滑稽]","newsnow.busiyi.world","https://newsnow.busiyi.world/c/hottest","","","2025-02-25 17:01:27","59718f1ed9629c4087dacd0cb6b5ae70"
"66","13","女朋友的iphone15promax被偷了，之前报警看监控找不到偷的人。今天晚上小偷开机定位了，但是只有一个范围。有没有兄弟知道这种情况怎么办，报警也不可能整栋的搜。68.2万热度 2.4万讨论","newsnow.busiyi.world","https://newsnow.busiyi.world/c/hottest","","","2025-02-25 17:01:27","f2685e9a19021d56facce46a7e4f36a5"
"67","14","真我Neo7 SE 明日发布：天玑8400游戏神机35.7万热度 1747讨论","newsnow.busiyi.world","https://newsnow.busiyi.world/c/hottest","","","2025-02-25 17:01:27","0376e22ba0163edfe98e6321f8099f0b"
"68","15","兄弟们，昨天晚上回来不相信手机摔坏了[表面哭泣][表面哭泣]，从山坡坡摔倒山下 7-8 米，这样能用权益换新吗，心疼死我了[表面哭泣][表面哭泣][表面哭泣]140.3万热度 10.2万讨论","newsnow.busiyi.world","https://newsnow.busiyi.world/c/hottest","","","2025-02-25 17:01:27","2cec72e4ee651ca26b455e0ba72c4f9d"
"69","16","马斯克真的是人类之光🚀","newsnow.busiyi.world","https://newsnow.busiyi.world/c/hottest","","","2025-02-25 17:01:27","f57a9cf8c02fc89330ab7d18aec39b56"
"70","17","我很想知道他那脑袋瓜里塞的什么，我俩凯夫拉都三百多了[汗]上来 88 张109.8万热度 5.1万讨论","newsnow.busiyi.world","https://newsnow.busiyi.world/c/hottest","","","2025-02-25 17:01:27","2743fceb46de89edee6493a90990d57d"
"71","18","本来还犹豫黑色还是白色，雷总一说这是磨砂黑，那肯定冲黑色，不沾指纹大大滴好评！[滑稽]296.3万热度 2713讨论","newsnow.busiyi.world","https://newsnow.busiyi.world/c/hottest","","","2025-02-25 17:01:27","e3d58f0bb4ff35428586099d033dc62a"
"72","1","美股跌势缓和，标普反弹失利，中概大幅回落，阿里跌10%，黄金四日内三创新高","华尔街见闻","https://wallstreetcn.com/articles/3741347","","","2025-02-25 17:01:27","dc8f6dff6b2ce158aae587427adbac91"
"73","2","华尔街见闻早餐FM-Radio | 2025年2月25日","华尔街见闻","https://wallstreetcn.com/articles/3741780","","","2025-02-25 17:01:27","99b5928e5920368ba84b8ea36608e62b"
"74","3","中美俄均投下赞成票 联合国安理会通过涉乌决议","华尔街见闻","https://wallstreetcn.com/articles/3741786","","","2025-02-25 17:01:27","2b9edd1100fa648e9b2257f1dc45d705"
"75","4","“宇宙最重要财报”怎么看？大摩：不担心英伟达业绩，但指引......","华尔街见闻","https://wallstreetcn.com/articles/3741732","","","2025-02-25 17:01:27","2c83f7da976bdd57ad407973826781a3"
"76","5","微软回应撤掉两个数据中心：坚持超800亿美元资本支出，但某些领域可能调整","华尔街见闻","https://wallstreetcn.com/articles/3741777","","","2025-02-25 17:01:27","43b7f86516f16a65e557954f92ab7e7e"
"77","6","怪不得宇树机器人抢不到！抢到的人已经开始赚钱：租出去，一天收费5000元至1.5万元，10多天就能回本","华尔街见闻","https://wallstreetcn.com/articles/3741758","","","2025-02-25 17:01:27","ca5ffa7b451eb28b1d41e741f540acc2"
"78","7","墨西哥考虑新关税，特朗普称加墨关税将按计划推行，墨西哥比索、加元刷新逾一周低位","华尔街见闻","https://wallstreetcn.com/articles/3741771","","","2025-02-25 17:01:27","9060d460225123a59d9e59d2a793a869"
"79","8","理想首款纯电SUV i8亮相！延续MEGA设计风格","华尔街见闻","https://wallstreetcn.com/articles/3741795","","","2025-02-25 17:01:27","5d3d62e7a11548aab65390e033185f3b"
"80","9","AH股震荡调整，创业板跌超1%，机器人走强，恒科指跌近2%，理想涨超12%","华尔街见闻","https://wallstreetcn.com/articles/3741793","","","2025-02-25 17:01:27","d1e9e5161e1a57c9780beb16121118c9"
"81","10","习近平同俄罗斯总统普京通电话","华尔街见闻","https://wallstreetcn.com/articles/3741746","","","2025-02-25 17:01:27","b2dc1b86826d81ed2eccc20f19672253"
"82","1","高管称“董明珠”已被格力注册","抖音","https://www.douyin.com/hot/2008883","","","2025-02-25 17:01:27","6ce73ccadf43311c67778a7f00f1b972"
"83","2","联合国安理会通过涉乌决议","抖音","https://www.douyin.com/hot/2009268","","","2025-02-25 17:01:27","43d1c3e2f649bde18c5af5fe8fb09314"
"84","3","南水北调中线工程调水量新突破","抖音","https://www.douyin.com/hot/2008686","","","2025-02-25 17:01:27","1bbda42ca6bc76eed44500c583520f0e"
"85","4","王楚钦偷师邱贻可青蛙跳","抖音","https://www.douyin.com/hot/2009026","","","2025-02-25 17:01:27","1e6a0e9f3b038832dbd6753c59204cc2"
"86","7","春天的第一次公路旅行","抖音","https://www.douyin.com/hot/2009696","","","2025-02-25 17:01:27","a64ba7a8d53b6dac2263e35c131f1b7e"
"87","8","当我把敖丙做成切片饼干","抖音","https://www.douyin.com/hot/2008711","","","2025-02-25 17:01:27","4521e4407cebbb32a316953468d45650"
"88","9","泡沫破灭后日本人是怎么生活的","抖音","https://www.douyin.com/hot/2008668","","","2025-02-25 17:01:27","b7dc8c6f98bbf6e8c27cfc1617f94d0b"
"89","10","EDG抽签再遇T1","抖音","https://www.douyin.com/hot/2009541","","","2025-02-25 17:01:27","54a1ff4b46183c0fd6bb6372babfb773"
"90","11","特斯拉在华发布FSD","抖音","https://www.douyin.com/hot/2009640","","","2025-02-25 17:01:27","c45baf68455629a5567c922ddb2a0a4e"
"91","12","星穹铁道那刻夏实机演示","抖音","https://www.douyin.com/hot/2009539","","","2025-02-25 17:01:27","68b36b3d1444f1b31d878bf4dde779b1"
"92","13","桑延温以凡假冷战真暧昧","抖音","https://www.douyin.com/hot/2009720","","","2025-02-25 17:01:27","c6bca5d366e177da0f3b52ab42a7de12"
"93","14","手机NFC被隔空盗刷系谣言","抖音","https://www.douyin.com/hot/2009250","","","2025-02-25 17:01:27","6304346148862cd9c0d56d645ff46585"
"94","16","鹿晗工作室发布维权声明","抖音","https://www.douyin.com/hot/2009799","","","2025-02-25 17:01:27","a692f0f65073beb309537f580a87b52a"
"95","1811","亿巨贪白天辉二审维持死刑原判","抖音","https://www.douyin.com/hot/2008844","","","2025-02-25 17:01:27","ae57c833dead9fb81db5bb32255daf3a"
"96","19","桑延丝滑反撩温以凡","抖音","https://www.douyin.com/hot/2009616","","","2025-02-25 17:01:27","cb057bc87210b25c45204e4d076cac46"
"97","20","直击尹锡悦弹劾案最终庭审辩论","抖音","https://www.douyin.com/hot/2009493","","","2025-02-25 17:01:27","86c6ec37dc59c2ef487b6f6a827495f8"
"98","21","六姊妹何老六下跪求原谅","抖音","https://www.douyin.com/hot/2009145","","","2025-02-25 17:01:27","aa8b6cfe988929a1ab79b33d7a6dbdf6"
"99","22","马克龙访美会晤特朗普","抖音","https://www.douyin.com/hot/2009333","","","2025-02-25 17:01:27","303fb8ca193f2809435761d5864ed48f"
"100","23","柬埔寨公主在郑州献唱中文歌曲","抖音","https://www.douyin.com/hot/2009492","","","2025-02-25 17:01:27","441f2fced5c49d5b06a670414a620037"
"101","24","暨南大学回应全红婵拟被保送","抖音","https://www.douyin.com/hot/2008963","","","2025-02-25 17:01:27","30f37b415b4020b1144e1e826a628b69"
"102","25","迅猛龙特蕾莎考研过线","抖音","https://www.douyin.com/hot/2009479","","","2025-02-25 17:01:27","bb229baf4e1811e1723150e30922d980"
"103","26","徐艺洋剪恋爱视频感动黄子韬","抖音","https://www.douyin.com/hot/2009562","","","2025-02-25 17:01:27","7c42b503762a583320a6d921c6ec4463"
"104","28","坐轮椅打球女生回应被网友关注","抖音","https://www.douyin.com/hot/2009683","","","2025-02-25 17:01:27","e1b7b12a3becd362421a60723e3e280b"
"105","30","这种老式小孩很少见了","抖音","https://www.douyin.com/hot/2009587","","","2025-02-25 17:01:27","2237242f60ef1332757570d941f32418"
"106","1","吧友密码告白但却解不开","百度","https://tieba.baidu.com/hottopic/browse/hottopic?topic_id=28339478&amp;topic_name=%E5%90%A7%E5%8F%8B%E5%AF%86%E7%A0%81%E5%91%8A%E7%99%BD%E4%BD%86%E5%8D%B4%E8%A7%A3%E4%B8%8D%E5%BC%80","","","2025-02-25 17:01:27","8f350ddf17cd862870d1d299021f8d51"
"107","2","分享我和妹妹难以启齿的故事","百度","https://tieba.baidu.com/hottopic/browse/hottopic?topic_id=28339484&amp;topic_name=%E5%88%86%E4%BA%AB%E6%88%91%E5%92%8C%E5%A6%B9%E5%A6%B9%E9%9A%BE%E4%BB%A5%E5%90%AF%E9%BD%BF%E7%9A%84%E6%95%85%E4%BA%8B","","","2025-02-25 17:01:27","bd4f37364a58d08216ffc1805aa2d8d7"
"108","3","南师大博士女友出轨已婚导师","百度","https://tieba.baidu.com/hottopic/browse/hottopic?topic_id=28339487&amp;topic_name=%E5%8D%97%E5%B8%88%E5%A4%A7%E5%8D%9A%E5%A3%AB%E5%A5%B3%E5%8F%8B%E5%87%BA%E8%BD%A8%E5%B7%B2%E5%A9%9A%E5%AF%BC%E5%B8%88","","","2025-02-25 17:01:27","580fcd9c262cfb5cdb498a20352dd4c6"
"109","4","崩坏3.2遐蝶技能强度爆炸","百度","https://tieba.baidu.com/hottopic/browse/hottopic?topic_id=28339483&amp;topic_name=%E5%B4%A9%E5%9D%8F3.2%E9%81%90%E8%9D%B6%E6%8A%80%E8%83%BD%E5%BC%BA%E5%BA%A6%E7%88%86%E7%82%B8","","","2025-02-25 17:01:27","6cd13b1c3957e60ef30377e2552fbad5"
"110","5","未来的农村宅基地还值钱吗","百度","https://tieba.baidu.com/hottopic/browse/hottopic?topic_id=28339480&amp;topic_name=%E6%9C%AA%E6%9D%A5%E7%9A%84%E5%86%9C%E6%9D%91%E5%AE%85%E5%9F%BA%E5%9C%B0%E8%BF%98%E5%80%BC%E9%92%B1%E5%90%97","","","2025-02-25 17:01:27","e5240ba21eb96ec162692616afa2d639"
"111","6","EDG再战T1胜算有多大","百度","https://tieba.baidu.com/hottopic/browse/hottopic?topic_id=28339481&amp;topic_name=EDG%E5%86%8D%E6%88%98T1%E8%83%9C%E7%AE%97%E6%9C%89%E5%A4%9A%E5%A4%A7","","","2025-02-25 17:01:27","6c3b22e0ce2754418e9414c7fd58fbe7"
"112","7","理想高管暗讽华为把供应链当自研","百度","https://tieba.baidu.com/hottopic/browse/hottopic?topic_id=28339482&amp;topic_name=%E7%90%86%E6%83%B3%E9%AB%98%E7%AE%A1%E6%9A%97%E8%AE%BD%E5%8D%8E%E4%B8%BA%E6%8A%8A%E4%BE%9B%E5%BA%94%E9%93%BE%E5%BD%93%E8%87%AA%E7%A0%94","","","2025-02-25 17:01:27","dbb16f236ea3356c7ed0767d5ff60b29"
"113","8","莫雷加德被逼退成樊振东2.0","百度","https://tieba.baidu.com/hottopic/browse/hottopic?topic_id=28339473&amp;topic_name=%E8%8E%AB%E9%9B%B7%E5%8A%A0%E5%BE%B7%E8%A2%AB%E9%80%BC%E9%80%80%E6%88%90%E6%A8%8A%E6%8C%AF%E4%B8%9C2.0","","","2025-02-25 17:01:27","fd3b004a0dd6396af8cd69dbf1e4e028"
"114","9","俄方停战条件谁敢同意","百度","https://tieba.baidu.com/hottopic/browse/hottopic?topic_id=28339477&amp;topic_name=%E4%BF%84%E6%96%B9%E5%81%9C%E6%88%98%E6%9D%A1%E4%BB%B6%E8%B0%81%E6%95%A2%E5%90%8C%E6%84%8F","","","2025-02-25 17:01:27","c8fc0e6664d21828d5b9e88b009a7c5f"
"115","10","美俄在安理会与乌欧对峙","百度","https://tieba.baidu.com/hottopic/browse/hottopic?topic_id=28339470&amp;topic_name=%E7%BE%8E%E4%BF%84%E5%9C%A8%E5%AE%89%E7%90%86%E4%BC%9A%E4%B8%8E%E4%B9%8C%E6%AC%A7%E5%AF%B9%E5%B3%99","","","2025-02-25 17:01:27","d258320730d2f87dcd69eab1b92bc8b3"
"116","11","曼联成绩不好拿员工开刀","百度","https://tieba.baidu.com/hottopic/browse/hottopic?topic_id=28339471&amp;topic_name=%E6%9B%BC%E8%81%94%E6%88%90%E7%BB%A9%E4%B8%8D%E5%A5%BD%E6%8B%BF%E5%91%98%E5%B7%A5%E5%BC%80%E5%88%80","","","2025-02-25 17:01:27","2fd425bc4430355af6eae87ecb3f8bda"
"117","12","解限机测试仅两日就褒姒","百度","https://tieba.baidu.com/hottopic/browse/hottopic?topic_id=28339468&amp;topic_name=%E8%A7%A3%E9%99%90%E6%9C%BA%E6%B5%8B%E8%AF%95%E4%BB%85%E4%B8%A4%E6%97%A5%E5%B0%B1%E8%A4%92%E5%A7%92","","","2025-02-25 17:01:27","49ea9ec9e12f606501e84b3038f33521"
"118","13","国家出手治理农村高额彩礼","百度","https://tieba.baidu.com/hottopic/browse/hottopic?topic_id=28339463&amp;topic_name=%E5%9B%BD%E5%AE%B6%E5%87%BA%E6%89%8B%E6%B2%BB%E7%90%86%E5%86%9C%E6%9D%91%E9%AB%98%E9%A2%9D%E5%BD%A9%E7%A4%BC","","","2025-02-25 17:01:27","ac50747250fe3233c076bcdb9d334cdb"
"119","14","小行星爽约不撞地球了","百度","https://tieba.baidu.com/hottopic/browse/hottopic?topic_id=28339462&amp;topic_name=%E5%B0%8F%E8%A1%8C%E6%98%9F%E7%88%BD%E7%BA%A6%E4%B8%8D%E6%92%9E%E5%9C%B0%E7%90%83%E4%BA%86","","","2025-02-25 17:01:27","2b8ebb2319b7d0f35bda79805816c3c5"
"120","15","NIP不敌TES惨遭淘汰","百度","https://tieba.baidu.com/hottopic/browse/hottopic?topic_id=28339466&amp;topic_name=NIP%E4%B8%8D%E6%95%8CTES%E6%83%A8%E9%81%AD%E6%B7%98%E6%B1%B0","","","2025-02-25 17:01:27","922218a26c596dd34b7bdf03ae490bf6"
"121","16","曼谷大师赛T1零封DRX","百度","https://tieba.baidu.com/hottopic/browse/hottopic?topic_id=28339465&amp;topic_name=%E6%9B%BC%E8%B0%B7%E5%A4%A7%E5%B8%88%E8%B5%9BT1%E9%9B%B6%E5%B0%81DRX","","","2025-02-25 17:01:27","3a4ce55584fac60dc768d6b8351ea029"
"122","17","美国联邦雇员也逃不过写周报","百度","https://tieba.baidu.com/hottopic/browse/hottopic?topic_id=28339464&amp;topic_name=%E7%BE%8E%E5%9B%BD%E8%81%94%E9%82%A6%E9%9B%87%E5%91%98%E4%B9%9F%E9%80%83%E4%B8%8D%E8%BF%87%E5%86%99%E5%91%A8%E6%8A%A5","","","2025-02-25 17:01:27","bd15c626d4749d408a243e3808b851c0"
"123","18","泽连斯基想找中国当靠山","百度","https://tieba.baidu.com/hottopic/browse/hottopic?topic_id=28339447&amp;topic_name=%E6%B3%BD%E8%BF%9E%E6%96%AF%E5%9F%BA%E6%83%B3%E6%89%BE%E4%B8%AD%E5%9B%BD%E5%BD%93%E9%9D%A0%E5%B1%B1","","","2025-02-25 17:01:27","f4dd1db12193e98c1b27eb06e8e766f5"
"124","19","国家线出了你有学上吗","百度","https://tieba.baidu.com/hottopic/browse/hottopic?topic_id=28339454&amp;topic_name=%E5%9B%BD%E5%AE%B6%E7%BA%BF%E5%87%BA%E4%BA%86%E4%BD%A0%E6%9C%89%E5%AD%A6%E4%B8%8A%E5%90%97","","","2025-02-25 17:01:27","f4555e4c1cb84f230a92dc09bb4d95bc"
"125","20","华为新手机对标迷你折叠平板","百度","https://tieba.baidu.com/hottopic/browse/hottopic?topic_id=28339461&amp;topic_name=%E5%8D%8E%E4%B8%BA%E6%96%B0%E6%89%8B%E6%9C%BA%E5%AF%B9%E6%A0%87%E8%BF%B7%E4%BD%A0%E6%8A%98%E5%8F%A0%E5%B9%B3%E6%9D%BF","","","2025-02-25 17:01:27","b550f258c230e685015f3b0822999869"
"126","21","BLG淘汰TT完成复仇","百度","https://tieba.baidu.com/hottopic/browse/hottopic?topic_id=28339457&amp;topic_name=BLG%E6%B7%98%E6%B1%B0TT%E5%AE%8C%E6%88%90%E5%A4%8D%E4%BB%87","","","2025-02-25 17:01:27","fec74a6efcd85a021a36548f55f8a153"
"127","22","合租女室友竟是脏脏公主","百度","https://tieba.baidu.com/hottopic/browse/hottopic?topic_id=28339450&amp;topic_name=%E5%90%88%E7%A7%9F%E5%A5%B3%E5%AE%A4%E5%8F%8B%E7%AB%9F%E6%98%AF%E8%84%8F%E8%84%8F%E5%85%AC%E4%B8%BB","","","2025-02-25 17:01:27","7dd8f7f3b94bebce2dea388c9ac06ef9"
"128","23","原神内鬼吧激烈内斗","百度","https://tieba.baidu.com/hottopic/browse/hottopic?topic_id=28339455&amp;topic_name=%E5%8E%9F%E7%A5%9E%E5%86%85%E9%AC%BC%E5%90%A7%E6%BF%80%E7%83%88%E5%86%85%E6%96%97","","","2025-02-25 17:01:27","d230a3497db27da048de9177dc8ee67e"
"129","24","P社捂嘴中国玩家硬刚到底","百度","https://tieba.baidu.com/hottopic/browse/hottopic?topic_id=28339445&amp;topic_name=P%E7%A4%BE%E6%8D%82%E5%98%B4%E4%B8%AD%E5%9B%BD%E7%8E%A9%E5%AE%B6%E7%A1%AC%E5%88%9A%E5%88%B0%E5%BA%95","","","2025-02-25 17:01:27","4e6912f60de6dd7d0bd53345a743c841"
"130","25","男明星李威涉嫌杀人","百度","https://tieba.baidu.com/hottopic/browse/hottopic?topic_id=28339467&amp;topic_name=%E7%94%B7%E6%98%8E%E6%98%9F%E6%9D%8E%E5%A8%81%E6%B6%89%E5%AB%8C%E6%9D%80%E4%BA%BA","","","2025-02-25 17:01:27","d59f9eff6c390dce64768fb1a06cc3e8"
"131","26","卡梅隆称阿凡达3为三部曲最佳","百度","https://tieba.baidu.com/hottopic/browse/hottopic?topic_id=28339446&amp;topic_name=%E5%8D%A1%E6%A2%85%E9%9A%86%E7%A7%B0%E9%98%BF%E5%87%A1%E8%BE%BE3%E4%B8%BA%E4%B8%89%E9%83%A8%E6%9B%B2%E6%9C%80%E4%BD%B3","","","2025-02-25 17:01:27","007e8afad44462dca47d919a23aab9a0"
"132","27","哪吒2海外排片反超美队4","百度","https://tieba.baidu.com/hottopic/browse/hottopic?topic_id=28339453&amp;topic_name=%E5%93%AA%E5%90%922%E6%B5%B7%E5%A4%96%E6%8E%92%E7%89%87%E5%8F%8D%E8%B6%85%E7%BE%8E%E9%98%9F4","","","2025-02-25 17:01:27","74fd3cbe05cecefebfcb07365e41f8c0"
"133","28","考研成绩已出你上岸了吗","百度","https://tieba.baidu.com/hottopic/browse/hottopic?topic_id=28339440&amp;topic_name=%E8%80%83%E7%A0%94%E6%88%90%E7%BB%A9%E5%B7%B2%E5%87%BA%E4%BD%A0%E4%B8%8A%E5%B2%B8%E4%BA%86%E5%90%97","","","2025-02-25 17:01:27","d7e059f66b5bd58d4bd17a9547c4d511"
"134","29","考研英语压分有多狠","百度","https://tieba.baidu.com/hottopic/browse/hottopic?topic_id=28339444&amp;topic_name=%E8%80%83%E7%A0%94%E8%8B%B1%E8%AF%AD%E5%8E%8B%E5%88%86%E6%9C%89%E5%A4%9A%E7%8B%A0","","","2025-02-25 17:01:27","338d162291c15391f3f144eb30d74508"
"135","30","小岛秀夫锐评美国队长4","百度","https://tieba.baidu.com/hottopic/browse/hottopic?topic_id=28339449&amp;topic_name=%E5%B0%8F%E5%B2%9B%E7%A7%80%E5%A4%AB%E9%94%90%E8%AF%84%E7%BE%8E%E5%9B%BD%E9%98%9F%E9%95%BF4","","","2025-02-25 17:01:27","ce30296ba2b8be8ded545fcb12ae263f"
"136","1","哪吒2预测票房下调至146亿","今日头条","https://www.toutiao.com/trending/7474670546945343497/","","","2025-02-25 17:01:27","1e1891f25ae00f2000f678700e0b8422"
"137","2","农村宝妈健身7年成超模身材","今日头条","https://www.toutiao.com/trending/7475169021191192612/","","","2025-02-25 17:01:27","5a5b2da64f5c69f762be45f4e3b0f15f"
"138","3","从“世界超市”看中国信心","今日头条","https://www.toutiao.com/trending/7475009016960237577/","","","2025-02-25 17:01:27","948f65410b8521e3fe000ad733dbdb67"
"139","4","中方回应泽连斯基希望得到中国帮助","今日头条","https://www.toutiao.com/trending/7474216947136364556/","","","2025-02-25 17:01:27","49ce96ebfd4c9cf35f2170212fb287ff"
"140","5","北京警方抓获一名演员","今日头条","https://www.toutiao.com/trending/7474955555759407154/","","","2025-02-25 17:01:27","dfce429bae9b7b4ef27f5e7d55194f83"
"141","6","宇树机器人租出去10多天就回本","今日头条","https://www.toutiao.com/trending/7475180605769862706/","","","2025-02-25 17:01:27","f53d980a6642a60f03da32745ce09dc8"
"142","7","普京：俄稀土储量多于乌 愿与美合作","今日头条","https://www.toutiao.com/trending/7475120929820131378/","","","2025-02-25 17:01:27","653dca15340cc9e68f0ce8c659cabe72"
"143","8","迈巴赫车主称车被尊界官方暴力测试","今日头条","https://www.toutiao.com/trending/7474273449713188915/","","","2025-02-25 17:01:27","8cf3fb83b9e7e4b867368fd6f0a6eaf6"
"144","9","楼阳生、王蒙徽履新全国人大","今日头条","https://www.toutiao.com/trending/7474780071090454579/","","","2025-02-25 17:01:27","eef3d6af9cd9cd4143e09b53c4fe3ed8"
"145","10","美俄一同投下反对票 美媒惊呼","今日头条","https://www.toutiao.com/trending/7475124339034751026/","","","2025-02-25 17:01:27","2c0df5ffc4b1018abc720f4bf7c81b10"
"146","11","男子30万买宇树机器人：有点失望","今日头条","https://www.toutiao.com/trending/7474472550627639346/","","","2025-02-25 17:01:27","87095d164e2052b2ffd432bc671b0ec3"
"147","12","评论员：魏德尔赢了个寂寞","今日头条","https://www.toutiao.com/trending/7475133208456072745/","","","2025-02-25 17:01:27","87ac693da9f40ee36b61892ec3076187"
"148","13","汪峰被曝为女友预定百万豪华产房","今日头条","https://www.toutiao.com/trending/7474542367551750154/","","","2025-02-25 17:01:27","26bcbaa3ce62fa7db3052a3fd29b1355"
"149","14","马航MH370新一轮搜索工作将重启","今日头条","https://www.toutiao.com/trending/7474530740660043815/","","","2025-02-25 17:01:27","c73389e6fb01c7682eefc6145887f89c"
"150","15","中国男性平均寿命仅69.9岁？谣言","今日头条","https://www.toutiao.com/trending/7475014997413462026/","","","2025-02-25 17:01:27","411f056985fe305a97fce958ac2d3135"
"151","16","DeepSeek能否深度替代人类写作","今日头条","https://www.toutiao.com/trending/7473932289614168090/","","","2025-02-25 17:01:27","2b480d7538e172af116c065075b544d8"
"152","17","汪峰与森林北共同成立新公司","今日头条","https://www.toutiao.com/trending/7474845886024597530/","","","2025-02-25 17:01:27","c626ee866e53e536f6bd3cb20ee80f8c"
"153","18","王祖贤在加拿大开艾灸馆","今日头条","https://www.toutiao.com/trending/7474789837998014473/","","","2025-02-25 17:01:27","13dbb433b15947bc807d1f530e1b325e"
"154","19","女生分享跟摩的师傅之间的默契","今日头条","https://www.toutiao.com/trending/7475180134337822759/","","","2025-02-25 17:01:27","02b75f1687410004a9222dae7a27b793"
"155","20","许昕：孙颖莎输球正常 张怡宁都输过","今日头条","https://www.toutiao.com/trending/7474572437599404059/","","","2025-02-25 17:01:27","4d882f25148fd00864d53f6d4322c9f5"
"156","21","国内人形机器人产业已形成集群效应","今日头条","https://www.toutiao.com/trending/7474540336010887178/","","","2025-02-25 17:01:27","904f7d6f1708ff642c4fb9ed3c05aa0d"
"157","22","女生婚后四年“露馅”会做饭","今日头条","https://www.toutiao.com/trending/7474904943351201833/","","","2025-02-25 17:01:27","b7d2fe8f0b000d837a34551b25093389"
"158","2395","后男孩从孤儿院到年薪百万","今日头条","https://www.toutiao.com/trending/7474805696706773043/","","","2025-02-25 17:01:27","f4f05ef6d7c2041ff757822e0d426172"
"159","24","男子驾车遇天降剪刀扎车头上","今日头条","https://www.toutiao.com/trending/7474929160725676082/","","","2025-02-25 17:01:27","cc8d597fc3e7e05346c03667072ae085"
"160","25","中医回应女生用50度白酒送服骨伤药","今日头条","https://www.toutiao.com/trending/7474965437592469530/","","","2025-02-25 17:01:27","a9fc2fc7fc46b6c553a09e22f1e5d55b"
"161","2657","岁男子沉迷“交友”一年打赏75万","今日头条","https://www.toutiao.com/trending/7474483156662534207/","","","2025-02-25 17:01:27","b16807e9f4744d6392b2b599626f18a4"
"162","27","官方：不能下指标硬把农民挤出土地","今日头条","https://www.toutiao.com/trending/7475148901348245542/","","","2025-02-25 17:01:27","4b9732af8dcdc33ea2623c3f70897bec"
"163","28","妈妈送娃上学 车内上演“生离死别”","今日头条","https://www.toutiao.com/trending/7474880660023132198/","","","2025-02-25 17:01:27","93425bb97a6e120c41573295da62f212"
"164","29","高标准农田建设对保障产量成效显著","今日头条","https://www.toutiao.com/trending/7474592742119653426/","","","2025-02-25 17:01:27","869becb66add57f3125cb39c28362bab"
"165","30","魏德尔：接到马斯克来电祝贺","今日头条","https://www.toutiao.com/trending/7474540302172241970/","","","2025-02-25 17:01:27","36a25f0ffce322f3d7d53473c7997245"
"166","1","习近平同俄罗斯总统普京通电话","澎湃新闻","https://www.thepaper.cn/newsDetail_forward_30230408","","","2025-02-25 17:01:27","57c5fb909966b0782a2788e19241af29"
"167","2","中美俄均投下赞成票，联合国安理会通过涉乌决议","澎湃新闻","https://www.thepaper.cn/newsDetail_forward_30236174","","","2025-02-25 17:01:27","d654438074a2462b9e14e89c44e128ce"
"168","3","浙江大学校长杜江峰出任教育部副部长","澎湃新闻","https://www.thepaper.cn/newsDetail_forward_30237226","","","2025-02-25 17:01:27","5537957362a41e56ffe44d854fb47bfc"
"169","4","“支持乌克兰”会议在乌克兰基辅举行，多国宣布新援助计划","澎湃新闻","https://www.thepaper.cn/newsDetail_forward_30232708","","","2025-02-25 17:01:27","d9f9daef9fd19329da4d97342485ead1"
"170","5","一群字幕翻译，想要和旧语言说再见","澎湃新闻","https://www.thepaper.cn/newsDetail_forward_30230310","","","2025-02-25 17:01:27","6f9da0a701771ccd2db9867d625eb83c"
"171","6","多地政务系统接入DeepSeek，“AI公务员”上岗将带来哪些影响？","澎湃新闻","https://www.thepaper.cn/newsDetail_forward_30227862","","","2025-02-25 17:01:27","0a7c211ee0670abf997ebd607ae659dd"
"172","7","言短意长｜降低婚龄就可以提高结婚率、生育率吗？","澎湃新闻","https://www.thepaper.cn/newsDetail_forward_30229950","","","2025-02-25 17:01:27","9502d15f740a8de61a33ab9817ae32fa"
"173","8","俄乌冲突中的难民：逃离、生存与回归","澎湃新闻","https://www.thepaper.cn/newsDetail_forward_30229453","","","2025-02-25 17:01:27","7ab7853b95fc44c141f78ab65f9585cc"
"174","9","俄乌冲突三周年｜谈判桌上没有乌欧，不解决欧洲安全秩序的“和平”不可持续","澎湃新闻","https://www.thepaper.cn/newsDetail_forward_30230766","","","2025-02-25 17:01:27","2035f338a6cdbe580ed7984a6fcd478b"
"175","10","“AI问诊”靠谱吗？将如何影响线下诊疗？澎湃对话4位医生","澎湃新闻","https://www.thepaper.cn/newsDetail_forward_30236277","","","2025-02-25 17:01:27","1ea9ec7e42a8418867f2cc7ad4bc6509"
"176","11","主播“罗大美”遇害案将于28日开庭，死者家属：主犯曾两度因抢劫罪入狱","澎湃新闻","https://www.thepaper.cn/newsDetail_forward_30232125","","","2025-02-25 17:01:27","63602104d99926dff0610b46cd68e18e"
"177","12","特写｜从斯图加特到杜塞尔多夫，德国的“刹车”与“加速”","澎湃新闻","https://www.thepaper.cn/newsDetail_forward_30230575","","","2025-02-25 17:01:27","91ce79b2927f8b36f6d105335a3f9c3e"
"178","13","频繁换帅、出售资产，迎来白衣骑士的王健林能否重启万达上市路？","澎湃新闻","https://www.thepaper.cn/newsDetail_forward_30159054","","","2025-02-25 17:01:27","cbb6e8cdbf27b2737d913014f6dac0a1"
"179","14","欧盟及多国领导人访问乌克兰","澎湃新闻","https://www.thepaper.cn/newsDetail_forward_30229543","","","2025-02-25 17:01:27","b57086bacebb6ff7697c602951ab94e5"
"180","15","江西抚州通报中学生在校坠亡：排除他杀","澎湃新闻","https://www.thepaper.cn/newsDetail_forward_30236984","","","2025-02-25 17:01:27","5508a5416bb3136208b2740ef87c1ae5"
"181","16","考研国家线公布，大多数专业单科和总分分数线低于去年","澎湃新闻","https://www.thepaper.cn/newsDetail_forward_30230656","","","2025-02-25 17:01:27","52d43dfa4fa6ac5c2ae950e454fdf137"
"182","17","澎湃AI晚新闻丨2025年2月24日","澎湃新闻","https://www.thepaper.cn/newsDetail_forward_30232130","","","2025-02-25 17:01:27","90e062a7a214727a6c79abe984d8acbb"
"183","18","高德红外涨停！董事长称脑机接口技术远超马斯克，上市公司回应","澎湃新闻","https://www.thepaper.cn/newsDetail_forward_30229546","","","2025-02-25 17:01:27","2c56a9bc1db8f83b188f1e3b8c36af36"
"184","19","西北大学文学院官网贾浅浅简历更新：已于去年12月博士毕业","澎湃新闻","https://www.thepaper.cn/newsDetail_forward_30230322","","","2025-02-25 17:01:27","b6e58ec5a30665d06b07dce56dc9df7f"
"185","20","四川省政协原副主席杨克宁犯受贿、非法持有枪支弹药罪获刑16年","澎湃新闻","https://www.thepaper.cn/newsDetail_forward_30230114","","","2025-02-25 17:01:27","a61bf10094c934ea6056bc1d9b622eac"
"186","","MIT LICENCE","GitHub","https://github.com/ourongxing/newsnow/LICENCE","","","2025-02-25 17:01:27","b38534d4ce7bcfef0c5f3e6f719d4085"
"187","15","印度少女练习力量举时殒命，被 540 斤杠铃砸中脖子，该如何避免此类事件发生？","知乎","https://www.zhihu.com/question/12795553001","","","2025-02-25 17:04:05","e29e01a1876889f04f0606900006100c"
"188","30","在今后的第六代战斗机时代，高空高速空战是否会再次回归，先前高空高速空战面临的技战术问题是否能够解决？","知乎","https://www.zhihu.com/question/10698778476","","","2025-02-25 17:04:05","08fd530f636ba626290f892fd012ffec"
"189","27","手机锁定状态无法进行碰一下支付","微博","https://s.weibo.com/weibo?q=%23%E6%89%8B%E6%9C%BA%E9%94%81%E5%AE%9A%E7%8A%B6%E6%80%81%E6%97%A0%E6%B3%95%E8%BF%9B%E8%A1%8C%E7%A2%B0%E4%B8%80%E4%B8%8B%E6%94%AF%E4%BB%98%23","","","2025-02-25 17:04:05","3c20669ec9f132693870011bdfded503"
"190","29","手机NFC功能碰一下钱就没了系摆拍","微博","https://s.weibo.com/weibo?q=%23%E6%89%8B%E6%9C%BANFC%E5%8A%9F%E8%83%BD%E7%A2%B0%E4%B8%80%E4%B8%8B%E9%92%B1%E5%B0%B1%E6%B2%A1%E4%BA%86%E7%B3%BB%E6%91%86%E6%8B%8D%23","","","2025-02-25 17:04:05","7ce3d1ff9a7462e53056ab5de5e53c78"
"191","13","国际金价创下年内第11个新高","抖音","https://www.douyin.com/hot/2009467","","","2025-02-25 17:04:05","4e7187c120110d7337e2a076e2142f90"
"192","25","安理会乌克兰问题会议投了7轮票","抖音","https://www.douyin.com/hot/2009343","","","2025-02-25 17:04:05","371ff260fcd2749ebfe957653ccc9bad"
"193","30","哪吒2深受外国游客喜爱","抖音","https://www.douyin.com/hot/2009206","","","2025-02-25 17:04:05","a80ea2f2c392fbf38abfe547c2f7f3fe"
"194","24","许昕回应任亚乒联第一副主席","微博","https://s.weibo.com/weibo?q=%23%E8%AE%B8%E6%98%95%E5%9B%9E%E5%BA%94%E4%BB%BB%E4%BA%9A%E4%B9%92%E8%81%94%E7%AC%AC%E4%B8%80%E5%89%AF%E4%B8%BB%E5%B8%AD%23","","","2025-02-25 17:07:05","aa2b11530dc4e23f5b422cdf51d636a7"
"195","20","空置房物业费到底该不该打折","微博","https://s.weibo.com/weibo?q=%23%E7%A9%BA%E7%BD%AE%E6%88%BF%E7%89%A9%E4%B8%9A%E8%B4%B9%E5%88%B0%E5%BA%95%E8%AF%A5%E4%B8%8D%E8%AF%A5%E6%89%93%E6%8A%98%23","","","2025-02-25 17:13:05","d00e4617db5c0ea5bc42cf3219d158c1"
"196","1","表白收到摩斯密码怎么破","百度","https://tieba.baidu.com/hottopic/browse/hottopic?topic_id=28339478&amp;topic_name=%E8%A1%A8%E7%99%BD%E6%94%B6%E5%88%B0%E6%91%A9%E6%96%AF%E5%AF%86%E7%A0%81%E6%80%8E%E4%B9%88%E7%A0%B4","","","2025-02-25 17:13:05","4a6ddc00dde03e634c6f53484b097935"
"197","17","三大指数集体下跌 沪指跌0.8%","今日头条","https://www.toutiao.com/trending/7475250906628378163/","","","2025-02-25 17:13:05","319611837231fb7650152075f5b6765d"
"198","18","家狗发疯撕咬邻居小孩","今日头条","https://www.toutiao.com/trending/7474323286588030986/","","","2025-02-25 17:13:05","2f2c8f488c25eae281d0eefb3259a641"
"199","27","美俄在联合国亲密能否结束战争","今日头条","https://www.toutiao.com/trending/7475245160075365907/","","","2025-02-25 17:13:05","1a50656a05aae26129d982d6366a9381"
"200","28","欧盟也要求与乌克兰签矿产协议","今日头条","https://www.toutiao.com/trending/7475210192951578162/","","","2025-02-25 17:13:05","e9cdff693e5f827611fd7af850b94234"
"201","30","美称普京将接受欧洲维和部队进驻乌","今日头条","https://www.toutiao.com/trending/7474802559254839346/","","","2025-02-25 17:13:05","3a4ff40078774306f5906f0b16d59506"
"202","30","在你的城市中有哪些红灯特别少的跑步、骑行路线？","知乎","https://www.zhihu.com/question/12687237201","","","2025-02-25 17:16:05","544713492f185c89b4c8589378118d16"
"203","25","马克龙访美会见特朗普","微博","https://s.weibo.com/weibo?q=%23%E9%A9%AC%E5%85%8B%E9%BE%99%E8%AE%BF%E7%BE%8E%E4%BC%9A%E8%A7%81%E7%89%B9%E6%9C%97%E6%99%AE%23","","","2025-02-25 17:16:05","afa9c6c48ffcf57cb51a65268fde810d"
"204","1","卢伟冰称小米Buds 5 Pro四千元以内音质最好","酷安","https://www.coolapk.com/feed/62949304?shareKey=ZDEzZWJhZWQ0ZmQ4NjdiZDhhYjk~","","","2025-02-25 17:19:05","addc37846dd282a816f5c098a0c4703f"
"205","2","#相亲# 相亲对象，才认识三天，就叫我转钱。买面膜给她叫她发地址都不肯，非要转帐说是什么积分，平时也没主动发信息。怎么看","酷安","https://www.coolapk.com/feed/62950058?shareKey=NTc5ZjAzZTJlZTdlNjdiZDhhYjk~","","","2025-02-25 17:19:05","94a3e200dca915cf77a912404c1a2ac8"
"206","3","*#*#794824#*#* 5GN2877.1万热度 28.2万讨论","酷安","https://www.coolapk.com/feed/62952783?shareKey=OGRhYTFjMmRlNTM3NjdiZDhhYjk~","","","2025-02-25 17:19:05","928223347cd68258f08196c579139293"
"207","4","小米15 Ultra三款外观配色公布：白色、黑色、黑银拼色297.1万热度 2719讨论","酷安","https://www.coolapk.com/feed/62947886?shareKey=ZTM0NDEzZDM0ZDUzNjdiZDhhYjk~","","","2025-02-25 17:19:05","6753c4b1247b57f03fc3d481fd626ba6"
"208","5","今年最强的貌似又是蓝厂的vivox200Ultra。55.5万热度 2.4万讨论","酷安","https://www.coolapk.com/feed/62956435?shareKey=NDQyNDBmM2Y4OTM5NjdiZDhhYjk~","","","2025-02-25 17:19:05","2eb62b992ddb5c97376abe4d3167e07f"
"209","6","学生党，攥了好久钱，给我妈拿下[坏笑]虽然不是很贵的手机#数码日常#9.2万热度 971讨论","酷安","https://www.coolapk.com/feed/62948010?shareKey=ZGYzYTAzOTllMTdlNjdiZDhhYjk~","","","2025-02-25 17:19:05","64c5eb3f2f77b0cd0d1e9dfc4cf3b528"
"210","7","#相亲# 相亲对象告诉我不开优酷会员就很难哄好！","酷安","https://www.coolapk.com/feed/62959379?shareKey=OTIxZjg3OWMyMWI5NjdiZDhhYjk~","","","2025-02-25 17:19:05","07a54c52f223b1886971996178e3b693"
"211","8","oppo find x8，16+512G，3499安全下车✅✅217.1万热度 6.3万讨论","酷安","https://www.coolapk.com/feed/62953446?shareKey=NzU5MThiNjZhM2E1NjdiZDhhYjk~","","","2025-02-25 17:19:05","58a0d3051d1e3853ace1fa6bceaa57a2"
"212","9","细数红米K70几宗罪：42.2万热度 7.6万讨论","酷安","https://www.coolapk.com/feed/62911576?shareKey=ZDI0OWIxN2E3NTgzNjdiZDhhYjk~","","","2025-02-25 17:19:05","e9c7dc9c03ddbdb95dba4d87117bf9d9"
"213","10","我真是服了，为什么骁龙8e打cf还是会卡啊，究竟是小米不行，还是游戏优化太差了？ #穿越火线枪战王者#56.5万热度 3.6万讨论","酷安","https://www.coolapk.com/feed/62957069?shareKey=YzUxMjY1YjkwYzY0NjdiZDhhYjk~","","","2025-02-25 17:19:05","5791b74fc359e5f6ebc33ca4219de4b2"
"214","11","老哥们给个建议呗，手里的16pm想换15ultra，手里现在还盲约着，但是去年14系列3款我都买了，因为系统流畅度的原因跳槽到了苹果，不过网上说15系列流畅度跟质感提升都很大，但是昨天我去小米之家问的如果想以旧换新，我还要补几百块钱，有没有同为16的机主想换15ultra的呀 #iPhone16ProMax#297.1万热度 2719讨论","酷安","https://www.coolapk.com/feed/62951945?shareKey=ZWM0OTE4MWNiYTU4NjdiZDhhYjk~","","","2025-02-25 17:19:05","86015f1c847a6997821f8c46b6bb4888"
"215","12","#我在酷安晒女友# 25咯 跟19的女朋友也在一起100天了 非常甜[墨镜滑稽][墨镜滑稽][墨镜滑稽][墨镜滑稽][墨镜滑稽][墨镜滑稽]","酷安","https://www.coolapk.com/feed/62954853?shareKey=ODEyODE2ZGNmNmYzNjdiZDhhYjk~","","","2025-02-25 17:19:05","a5231a2526c2033082c8b9a2018b1637"
"216","13","女朋友的iphone15promax被偷了，之前报警看监控找不到偷的人。今天晚上小偷开机定位了，但是只有一个范围。有没有兄弟知道这种情况怎么办，报警也不可能整栋的搜。67.8万热度 2.4万讨论","酷安","https://www.coolapk.com/feed/62937700?shareKey=YzliNGM2ZWQ0YzI5NjdiZDhhYjk~","","","2025-02-25 17:19:05","828b4cd9c6f20789fbc08fc3f8e49ab6"
"217","14","真我Neo7 SE 明日发布：天玑8400游戏神机38.9万热度 1803讨论","酷安","https://www.coolapk.com/feed/62946644?shareKey=MTcwOWVmOTMyMDY4NjdiZDhhYjk~","","","2025-02-25 17:19:05","11e5be243a69706f39a8a2f0cd9f3392"
"218","15","兄弟们，昨天晚上回来不相信手机摔坏了[表面哭泣][表面哭泣]，从山坡坡摔倒山下 7-8 米，这样能用权益换新吗，心疼死我了[表面哭泣][表面哭泣][表面哭泣]139.2万热度 10.2万讨论","酷安","https://www.coolapk.com/feed/62961025?shareKey=MDRmZjg5ZTMwNTNkNjdiZDhhYjk~","","","2025-02-25 17:19:05","1a558960339943a274450b1758e78d5e"
"219","16","我很想知道他那脑袋瓜里塞的什么，我俩凯夫拉都三百多了[汗]上来 88 张108.8万热度 5.1万讨论","酷安","https://www.coolapk.com/feed/62942050?shareKey=Yzg4MGM5YTMwYTRlNjdiZDhhYjk~","","","2025-02-25 17:19:05","a516517d33b1d087cbc52636f11cb766"
"220","17","马斯克真的是人类之光🚀","酷安","https://www.coolapk.com/feed/62941245?shareKey=MWYzMjI1NjNiMTE2NjdiZDhhYjk~","","","2025-02-25 17:19:05","999f20a7ef433ad31ecb8d03c3738ef5"
"221","18","本来还犹豫黑色还是白色，雷总一说这是磨砂黑，那肯定冲黑色，不沾指纹大大滴好评！[滑稽]297.1万热度 2719讨论","酷安","https://www.coolapk.com/feed/62949004?shareKey=MGQwM2U3OGMwYzgxNjdiZDhhYjk~","","","2025-02-25 17:19:05","b9d71e49d2c3b1ddd07dbc4b04892b04"
"222","29","韩桥梁倒塌目击者听见巨响称像打仗","微博","https://s.weibo.com/weibo?q=%23%E9%9F%A9%E6%A1%A5%E6%A2%81%E5%80%92%E5%A1%8C%E7%9B%AE%E5%87%BB%E8%80%85%E5%90%AC%E8%A7%81%E5%B7%A8%E5%93%8D%E7%A7%B0%E5%83%8F%E6%89%93%E4%BB%97%23","","","2025-02-25 17:22:05","f11a9bcf509c12d7de549e9ed8335046"
"223","10","MoE模型训练效率飞跃！DeepSeek开源周第二日：开源EP通信库","华尔街见闻","https://wallstreetcn.com/articles/3741798","","","2025-02-25 17:22:05","3a402e61c1ce342a03f2cb763d4b99a7"
"224","16","游戏《失落之魂》前员工不当言论背后，你认为游戏厂商应该如何管理游戏发售前的营销节奏和用户预期？","知乎","https://www.zhihu.com/question/13236746050","","","2025-02-25 17:25:05","5ebb7e2f0f3352a40ca1b83f6e38dd04"
"225","2","鹿晗关晓彤名下并无商业关联","微博","https://s.weibo.com/weibo?q=%23%E9%B9%BF%E6%99%97%E5%85%B3%E6%99%93%E5%BD%A4%E5%90%8D%E4%B8%8B%E5%B9%B6%E6%97%A0%E5%95%86%E4%B8%9A%E5%85%B3%E8%81%94%23","","","2025-02-25 17:25:05","145dec81776247c917f1f10af85f0981"
"226","28","男子举报南师大博士女友出轨导师","微博","https://s.weibo.com/weibo?q=%23%E7%94%B7%E5%AD%90%E4%B8%BE%E6%8A%A5%E5%8D%97%E5%B8%88%E5%A4%A7%E5%8D%9A%E5%A3%AB%E5%A5%B3%E5%8F%8B%E5%87%BA%E8%BD%A8%E5%AF%BC%E5%B8%88%23","","","2025-02-25 17:25:05","3554b5af76f71659c7af970e86ee0fe5"
"227","19","灌面汤呛妻案嫌疑人称喝酒失去神志","微博","https://s.weibo.com/weibo?q=%23%E7%81%8C%E9%9D%A2%E6%B1%A4%E5%91%9B%E5%A6%BB%E6%A1%88%E5%AB%8C%E7%96%91%E4%BA%BA%E7%A7%B0%E5%96%9D%E9%85%92%E5%A4%B1%E5%8E%BB%E7%A5%9E%E5%BF%97%23","","","2025-02-25 17:28:05","b91665322c5cce8836e4f0d5a87af4bf"
"228","19","“美国最大金库”黄金储备量不实？特朗普发话，马斯克领导的政府效率部或将出动","澎湃新闻","https://www.thepaper.cn/newsDetail_forward_30228965","","","2025-02-25 17:28:05","552c998d3ffd6ebc10fc372f9079d088"
"229","20","浙江省委常委会召开会议，请来了4位民营企业家","澎湃新闻","https://www.thepaper.cn/newsDetail_forward_30232539","","","2025-02-25 17:28:05","b768e9797b5185e9796185e116482eff"
"230","25","虞书欣偶遇一位好像羽公子的何医生","微博","https://s.weibo.com/weibo?q=%23%E8%99%9E%E4%B9%A6%E6%AC%A3%E5%81%B6%E9%81%87%E4%B8%80%E4%BD%8D%E5%A5%BD%E5%83%8F%E7%BE%BD%E5%85%AC%E5%AD%90%E7%9A%84%E4%BD%95%E5%8C%BB%E7%94%9F%23","","","2025-02-25 17:31:05","a244bd131cb6bb88d313f13e82905865"
"231","3025","年是AI眼镜元年吗","微博","https://s.weibo.com/weibo?q=%2325%E5%B9%B4%E6%98%AFAI%E7%9C%BC%E9%95%9C%E5%85%83%E5%B9%B4%E5%90%97%23","","","2025-02-25 17:31:05","9c9ecf5db35c67d36c3b5a42baffff7c"
"232","26","暗访烟花非法运输链","微博","https://s.weibo.com/weibo?q=%23%E6%9A%97%E8%AE%BF%E7%83%9F%E8%8A%B1%E9%9D%9E%E6%B3%95%E8%BF%90%E8%BE%93%E9%93%BE%23","","","2025-02-25 17:34:05","bb38fde98c39391d274aa390c5f85278"
"233","30","医生表示高度白酒送服药物没必要","微博","https://s.weibo.com/weibo?q=%23%E5%8C%BB%E7%94%9F%E8%A1%A8%E7%A4%BA%E9%AB%98%E5%BA%A6%E7%99%BD%E9%85%92%E9%80%81%E6%9C%8D%E8%8D%AF%E7%89%A9%E6%B2%A1%E5%BF%85%E8%A6%81%23","","","2025-02-25 17:34:05","e13456594d54a5c5761414a9dad3df84"
"234","16","森林狼加时复仇雷霆","抖音","https://www.douyin.com/hot/2009884","","","2025-02-25 17:34:05","950731f23547dc993e250ede7fbedc26"
"235","22","苹果宣布超5000亿美元投资计划","抖音","https://www.douyin.com/hot/2009326","","","2025-02-25 17:34:05","a0523efde3e6743ff0468d8ed618269c"
"236","29","为什么手机超大杯都在影像发力","微博","https://s.weibo.com/weibo?q=%23%E4%B8%BA%E4%BB%80%E4%B9%88%E6%89%8B%E6%9C%BA%E8%B6%85%E5%A4%A7%E6%9D%AF%E9%83%BD%E5%9C%A8%E5%BD%B1%E5%83%8F%E5%8F%91%E5%8A%9B%23","","","2025-02-25 17:40:05","866d53bf91bc16b32fcfee1561c88b8f"
"237","6","尹锡悦弹劾案十轮激辩现场大还原","今日头条","https://www.toutiao.com/trending/7475239407952334348/","","","2025-02-25 17:43:05","d233c3670895cf920ffbccca74803b37"
"238","8","高校副院长出轨女博士？聊天曝光","今日头条","https://www.toutiao.com/trending/7474982089373990939/","","","2025-02-25 17:43:05","baffba65750ae0ecb9cd0b15b7189508"
"239","13","老人花2万买虚拟古币后取不出钱","今日头条","https://www.toutiao.com/trending/7475263657593831474/","","","2025-02-25 17:43:05","43de44a326fce640f7f647c86d6bdde0"
"240","15","河南禹州市和长葛市要合村并镇？假的","今日头条","https://www.toutiao.com/trending/7474846033768562699/","","","2025-02-25 17:43:05","85bac3b756acf0f1bdd77c2a71e2171c"
"241","17","外卖骑手无奈表示遭“人人烦”","今日头条","https://www.toutiao.com/trending/7474961464579899411/","","","2025-02-25 17:43:05","0613fb258c19f3109c93074d964c9520"
"242","18","联大投赞成票后武契奇道歉：应弃权","今日头条","https://www.toutiao.com/trending/7474387519719768115/","","","2025-02-25 17:43:05","de325f0792c3fc09fa5a25be64ea92ed"
"243","21","曝某导演因强奸知名女星入狱","今日头条","https://www.toutiao.com/trending/7474448943452274738/","","","2025-02-25 17:43:05","fc08aa24961d440a7194ca44f6c266c0"
"244","25","重庆迷你轻轨萌翻众人 可载140人","今日头条","https://www.toutiao.com/trending/7474901031768784934/","","","2025-02-25 17:43:05","b737ebed3a2a51b6da775fbbf4fb7267"
"245","28","鹿晗工作室发布维权声明","今日头条","https://www.toutiao.com/trending/7474912697139167282/","","","2025-02-25 17:43:05","7315775c28e4c7da029921a1aceb299b"
"246","30","老师当众连续掌掴学生？当地回应","今日头条","https://www.toutiao.com/trending/7474782925230178342/","","","2025-02-25 17:43:05","c0bc1822222f70a4f2ef1f27320a8832"
"247","13","如何评价《崩坏：星穹铁道》缇宝角色PV——「童言无忌」？","知乎","https://www.zhihu.com/question/13313001322","","","2025-02-25 17:46:05","5f38b45f13789250f7f6bfb535288eaa"
"248","18","游戏《失落之魂》员工发表不当言论被解聘，这可能是营销手段吗？厂商该如何管理新作发售营销节奏和用户预期？","知乎","https://www.zhihu.com/question/13236746050","","","2025-02-25 17:46:05","382102df563d793576b84cc639d4b07a"
"249","23","《原神》角色里你最喜欢哪一个?","知乎","https://www.zhihu.com/question/12276808276","","","2025-02-25 17:46:05","f6c5ef5ee85ff3289ac430db85a7c7ed"
"250","12","马天宇三人行杀青文","微博","https://s.weibo.com/weibo?q=%23%E9%A9%AC%E5%A4%A9%E5%AE%87%E4%B8%89%E4%BA%BA%E8%A1%8C%E6%9D%80%E9%9D%92%E6%96%87%23","","","2025-02-25 17:46:05","5429f128cd809d3ac1a3adabfc67a6cb"
"251","26","韩国一高速桥梁倒塌4死6伤","微博","https://s.weibo.com/weibo?q=%23%E9%9F%A9%E5%9B%BD%E4%B8%80%E9%AB%98%E9%80%9F%E6%A1%A5%E6%A2%81%E5%80%92%E5%A1%8C4%E6%AD%BB6%E4%BC%A4%23","","","2025-02-25 17:46:05","60f28ff54c6b583a5ab5295d9f21898c"
"252","29","有俄民众希望共享领土与资源","微博","https://s.weibo.com/weibo?q=%23%E6%9C%89%E4%BF%84%E6%B0%91%E4%BC%97%E5%B8%8C%E6%9C%9B%E5%85%B1%E4%BA%AB%E9%A2%86%E5%9C%9F%E4%B8%8E%E8%B5%84%E6%BA%90%23","","","2025-02-25 17:46:05","d90c60d33af9348b4806a6c62dee8e11"
"253","23","空货车过村庄被要求捐款1千","微博","https://s.weibo.com/weibo?q=%23%E7%A9%BA%E8%B4%A7%E8%BD%A6%E8%BF%87%E6%9D%91%E5%BA%84%E8%A2%AB%E8%A6%81%E6%B1%82%E6%8D%90%E6%AC%BE1%E5%8D%83%23","","","2025-02-25 17:49:05","f3f6a434cd9f8f8b6cbd3de4c1f09dbe"
"254","1","#相亲# 相亲对象，才认识三天，就叫我转钱。买面膜给她叫她发地址都不肯，非要转帐说是什么积分，平时也没主动发信息。怎么看","酷安","https://www.coolapk.com/feed/62950058?shareKey=N2RmMDM2ZDYyYTA5NjdiZDkyMTM~","","","2025-02-25 17:49:05","18e14666d056cd241352b45c04f482fa"
"255","2","卢伟冰称小米Buds 5 Pro四千元以内音质最好","酷安","https://www.coolapk.com/feed/62949304?shareKey=NjczM2U4NGVhNjY5NjdiZDkyMTM~","","","2025-02-25 17:49:05","7b84a670419d3f416077fb1f96e30482"
"256","3","*#*#794824#*#* 5GN2877.8万热度 28.2万讨论","酷安","https://www.coolapk.com/feed/62952783?shareKey=YTkwYWVhMTY5OWIxNjdiZDkyMTM~","","","2025-02-25 17:49:05","d1d92f84405a7a89d44607dfcb53af94"
"257","4","小米15 Ultra三款外观配色公布：白色、黑色、黑银拼色299.7万热度 2731讨论","酷安","https://www.coolapk.com/feed/62947886?shareKey=YzA4N2U2ZGVhNGViNjdiZDkyMTM~","","","2025-02-25 17:49:05","e78263a9216b556a76171d66a22aecf3"
"258","5","#相亲# 相亲对象告诉我不开优酷会员就很难哄好！","酷安","https://www.coolapk.com/feed/62959379?shareKey=NzcyZTZlMDc0YmU5NjdiZDkyMTM~","","","2025-02-25 17:49:05","8f70ec92932b8b9ed621e69c8fa66ec7"
"259","6","今年最强的貌似又是蓝厂的vivox200Ultra。56.0万热度 2.5万讨论","酷安","https://www.coolapk.com/feed/62956435?shareKey=ODE2NzJkNTNiYWE1NjdiZDkyMTM~","","","2025-02-25 17:49:05","353cda13bb930643a1da1704282653f3"
"260","7","学生党，攥了好久钱，给我妈拿下[坏笑]虽然不是很贵的手机#数码日常#9.3万热度 971讨论","酷安","https://www.coolapk.com/feed/62948010?shareKey=NDRjZjMyZGVlZTcwNjdiZDkyMTM~","","","2025-02-25 17:49:05","e41372154f403e6bd3ca4136edc7c658"
"261","8","oppo find x8，16+512G，3499安全下车✅✅218.9万热度 6.3万讨论","酷安","https://www.coolapk.com/feed/62953446?shareKey=NjAxNzlmZDM0OWE1NjdiZDkyMTM~","","","2025-02-25 17:49:05","528e524dcc023d61f5e1d583dbf5af50"
"262","9","我真是服了，为什么骁龙8e打cf还是会卡啊，究竟是小米不行，还是游戏优化太差了？ #穿越火线枪战王者#57.0万热度 3.6万讨论","酷安","https://www.coolapk.com/feed/62957069?shareKey=YzgzZjkzODFhZjIyNjdiZDkyMTM~","","","2025-02-25 17:49:05","2338ad66739a56cd282893fd15a82dba"
"263","10","细数红米K70几宗罪：42.5万热度 7.6万讨论","酷安","https://www.coolapk.com/feed/62911576?shareKey=Y2VlYmM3ZDNmYzM1NjdiZDkyMTM~","","","2025-02-25 17:49:05","1b285ebf0e699f00c10fa0ed088de3e0"
"264","11","老哥们给个建议呗，手里的16pm想换15ultra，手里现在还盲约着，但是去年14系列3款我都买了，因为系统流畅度的原因跳槽到了苹果，不过网上说15系列流畅度跟质感提升都很大，但是昨天我去小米之家问的如果想以旧换新，我还要补几百块钱，有没有同为16的机主想换15ultra的呀 #iPhone16ProMax#299.7万热度 2731讨论","酷安","https://www.coolapk.com/feed/62951945?shareKey=NWUxY2ViZWNjY2YwNjdiZDkyMTM~","","","2025-02-25 17:49:05","3798f17ed3417e665b35c5e67cfdc9aa"
"265","12","#我在酷安晒女友# 25咯 跟19的女朋友也在一起100天了 非常甜[墨镜滑稽][墨镜滑稽][墨镜滑稽][墨镜滑稽][墨镜滑稽][墨镜滑稽]","酷安","https://www.coolapk.com/feed/62954853?shareKey=OTY0NGU4MTM2NmZkNjdiZDkyMTM~","","","2025-02-25 17:49:05","9ab4bb4bc5e0bc4796febb1e9a3f8442"
"266","13","女朋友的iphone15promax被偷了，之前报警看监控找不到偷的人。今天晚上小偷开机定位了，但是只有一个范围。有没有兄弟知道这种情况怎么办，报警也不可能整栋的搜。68.3万热度 2.4万讨论","酷安","https://www.coolapk.com/feed/62937700?shareKey=MjNjMDdiYjlmN2MxNjdiZDkyMTM~","","","2025-02-25 17:49:05","b91783ea824851d70df3ed81ab274b69"
"267","14","兄弟们，昨天晚上回来不相信手机摔坏了[表面哭泣][表面哭泣]，从山坡坡摔倒山下 7-8 米，这样能用权益换新吗，心疼死我了[表面哭泣][表面哭泣][表面哭泣]140.2万热度 10.2万讨论","酷安","https://www.coolapk.com/feed/62961025?shareKey=ZTliZTEyZGRkYTI2NjdiZDkyMTM~","","","2025-02-25 17:49:05","5a713dd576b20bdf57a57fc99f73736d"
"268","15","真我Neo7 SE 明日发布：天玑8400游戏神机42.1万热度 1844讨论","酷安","https://www.coolapk.com/feed/62946644?shareKey=MGY3OTFjMzhjMTUwNjdiZDkyMTM~","","","2025-02-25 17:49:05","ec3253f9e255e188f8a94a36e83d95c2"
"269","16","我很想知道他那脑袋瓜里塞的什么，我俩凯夫拉都三百多了[汗]上来 88 张109.7万热度 5.1万讨论","酷安","https://www.coolapk.com/feed/62942050?shareKey=Yzk5YjQ0ZjRlM2UxNjdiZDkyMTM~","","","2025-02-25 17:49:05","5a579c151ff8476e6d5031edd6fbdd8f"
"270","17","马斯克真的是人类之光🚀","酷安","https://www.coolapk.com/feed/62941245?shareKey=OWNlMTlhY2U2Y2E0NjdiZDkyMTM~","","","2025-02-25 17:49:05","680fcbc0de101496bb4a93d312dd8486"
"271","18","真我Ultra新机将亮相MWC2025","酷安","https://www.coolapk.com/feed/62966286?shareKey=NjdlMGFkOWNkZTIzNjdiZDkyMTM~","","","2025-02-25 17:49:05","2eb498edaea3b1f1a4238ddb85af1617"
"272","19","丈夫将刚出生女儿送人谎称没气息","微博","https://s.weibo.com/weibo?q=%23%E4%B8%88%E5%A4%AB%E5%B0%86%E5%88%9A%E5%87%BA%E7%94%9F%E5%A5%B3%E5%84%BF%E9%80%81%E4%BA%BA%E8%B0%8E%E7%A7%B0%E6%B2%A1%E6%B0%94%E6%81%AF%23","","","2025-02-25 17:52:05","018e705930d91c99d286eabf793d3243"
"273","29","小米15Ultra夜神人像","微博","https://s.weibo.com/weibo?q=%23%E5%B0%8F%E7%B1%B315Ultra%E5%A4%9C%E7%A5%9E%E4%BA%BA%E5%83%8F%23","","","2025-02-25 17:58:05","6fc2418205609d421404e51f518806e0"
"274","30","我无力成为了我的卡点挑战","抖音","https://www.douyin.com/hot/2009147","","","2025-02-25 17:58:05","eb3480b3a77fa402c113bb3a20cd9d3f"
"275","1","王祖贤在贴吧官宣创业","百度","https://tieba.baidu.com/hottopic/browse/hottopic?topic_id=28339488&amp;topic_name=%E7%8E%8B%E7%A5%96%E8%B4%A4%E5%9C%A8%E8%B4%B4%E5%90%A7%E5%AE%98%E5%AE%A3%E5%88%9B%E4%B8%9A","","","2025-02-25 17:58:05","cc602495e55e5672d8922451c64ceaa7"
"276","7","专家谈美俄将举行第二轮会谈","今日头条","https://www.toutiao.com/trending/7474921738174729747/","","","2025-02-25 17:58:05","174b88bf7155591b490c980f13f8263b"
"277","15","河南禹州市、长葛市合村并镇不实","今日头条","https://www.toutiao.com/trending/7474846033768562699/","","","2025-02-25 17:58:05","2e36a4ebcc51e2e049947f6c6bc4cc24"
"278","18","波士顿动力创始人：已买宇树机器人","今日头条","https://www.toutiao.com/trending/7475156186925370907/","","","2025-02-25 17:58:05","fa18e0bb3da8f7d7a232e8ba38035561"
"279","19","外卖小哥因救人延误送单 警方开证明","今日头条","https://www.toutiao.com/trending/7474512140226101299/","","","2025-02-25 17:58:05","fdee9f5e5acf7c772dc217ad62f32e8f"
"280","20","媒体：A股的韧性还是科技股在打头阵","今日头条","https://www.toutiao.com/trending/7474972895165415478/","","","2025-02-25 17:58:05","dcf338477eba053497f7bcd08eee3a26"
"281","25","特斯拉高管：Model S/X不会停产","今日头条","https://www.toutiao.com/trending/7475271475839274533/","","","2025-02-25 17:58:05","e2d0d5ea617dddbaf4c208e82b1c6b44"
"282","29","法律从业者评智搜ds分析李威量刑","微博","https://s.weibo.com/weibo?q=%23%E6%B3%95%E5%BE%8B%E4%BB%8E%E4%B8%9A%E8%80%85%E8%AF%84%E6%99%BA%E6%90%9Cds%E5%88%86%E6%9E%90%E6%9D%8E%E5%A8%81%E9%87%8F%E5%88%91%23","","","2025-02-25 18:01:05","0cfa36a8e5ce6b375558df120cbc6ea5"
"283","22","南京师范大学宋某某被免职","微博","https://s.weibo.com/weibo?q=%E5%8D%97%E4%BA%AC%E5%B8%88%E8%8C%83%E5%A4%A7%E5%AD%A6%E5%AE%8B%E6%9F%90%E6%9F%90%E8%A2%AB%E5%85%8D%E8%81%8C","","","2025-02-25 18:04:05","06669b719dcf5b64a3c4ff1e311a85c6"
"284","27","演员李威可能面临无期徒刑或死刑","微博","https://s.weibo.com/weibo?q=%23%E6%BC%94%E5%91%98%E6%9D%8E%E5%A8%81%E5%8F%AF%E8%83%BD%E9%9D%A2%E4%B8%B4%E6%97%A0%E6%9C%9F%E5%BE%92%E5%88%91%E6%88%96%E6%AD%BB%E5%88%91%23","","","2025-02-25 18:04:05","1ae15d23e837ac76a11f36e5a96a8569"
